structure_path_id,parent_sid,parent_cycle_id,sub_id,started_by,bos_structure_id,bos_cycle_id,zone_side,status,lp_locked,cycle_collapsed,locked_by_cycle_id,fb_idx,lb_idx,fp_idx,lp_idx,breakout_momentum,pullback_momentum,buy_momentum,sell_momentum,triggered_by_event_idx,triggered_by_event_type,parent_path_id,meta
H1.main >> M15.confluence,0,0,0,first_confluence,0,0,buy,locked,True,True,1,457,784,787,917,0.6,4.429106280193237,0.6,4.43,,,H1.main,"{'triggered_by_event_idx': None, 'triggered_by_event_type': None, 'parent_path_id': 'H1.main', 'structure_path_id': 'H1.main >> M15.confluence', 'use_case': 'first_confluence', 'parent_sid': 0, 'parent_cycle_id': 0, 'timeframe': 'M15', 'parent_tf': 'H1', 'sub_id': 0, 'started_by': 'first_confluence'}"
H1.main >> M15.confluence,0,0,0,first_confluence,0,1,buy,locked,True,False,2,918,1019,1021,1107,0.11277751535191309,0.33543400713436383,0.11,0.34,,,H1.main,"{'triggered_by_event_idx': None, 'triggered_by_event_type': None, 'parent_path_id': 'H1.main', 'structure_path_id': 'H1.main >> M15.confluence', 'use_case': 'first_confluence', 'parent_sid': 0, 'parent_cycle_id': 0, 'timeframe': 'M15', 'parent_tf': 'H1', 'sub_id': 0, 'started_by': 'first_confluence'}"
H1.main >> M15.confluence,0,0,0,first_confluence,0,3,buy,locked,True,False,4,1352,1720,1747,1761,4.165948275862069,1.2394881170018281,4.17,1.24,,,H1.main,"{'triggered_by_event_idx': None, 'triggered_by_event_type': None, 'parent_path_id': 'H1.main', 'structure_path_id': 'H1.main >> M15.confluence', 'use_case': 'first_confluence', 'parent_sid': 0, 'parent_cycle_id': 0, 'timeframe': 'M15', 'parent_tf': 'H1', 'sub_id': 0, 'started_by': 'first_confluence'}"
H1.main >> M15.confluence,0,0,0,first_confluence,0,4,buy,created,False,False,,1762,1792,1794,1898,1.728888888888889,0.8805159538357095,1.73,0.88,,,H1.main,"{'triggered_by_event_idx': None, 'triggered_by_event_type': None, 'parent_path_id': 'H1.main', 'structure_path_id': 'H1.main >> M15.confluence', 'use_case': 'first_confluence', 'parent_sid': 0, 'parent_cycle_id': 0, 'timeframe': 'M15', 'parent_tf': 'H1', 'sub_id': 0, 'started_by': 'first_confluence'}"
H1.main >> M15.confluence,0,0,1,reversal,0,0,sell,locked,True,True,1,1801,1815,1817,1837,0.4353448275862069,3.6243093922651934,3.62,0.44,,,H1.main,"{'triggered_by_event_idx': None, 'triggered_by_event_type': None, 'parent_path_id': 'H1.main', 'structure_path_id': 'H1.main >> M15.confluence', 'use_case': 'reversal', 'parent_sid': 0, 'parent_cycle_id': 0, 'timeframe': 'M15', 'parent_tf': 'H1', 'sub_id': 1, 'started_by': 'reversal'}"
H1.main >> M15.confluence,0,0,1,reversal,0,1,sell,locked,True,True,2,1838,1896,1900,1935,2.1526908635794744,0.46907894736842104,0.47,2.15,,,H1.main,"{'triggered_by_event_idx': None, 'triggered_by_event_type': None, 'parent_path_id': 'H1.main', 'structure_path_id': 'H1.main >> M15.confluence', 'use_case': 'reversal', 'parent_sid': 0, 'parent_cycle_id': 0, 'timeframe': 'M15', 'parent_tf': 'H1', 'sub_id': 1, 'started_by': 'reversal'}"
H1.main >> M15.confluence,0,0,1,reversal,0,3,sell,locked,True,False,4,2084,2230,2232,2272,0.23358050847457626,7.13125,7.13,0.23,,,H1.main,"{'triggered_by_event_idx': None, 'triggered_by_event_type': None, 'parent_path_id': 'H1.main', 'structure_path_id': 'H1.main >> M15.confluence', 'use_case': 'reversal', 'parent_sid': 0, 'parent_cycle_id': 0, 'timeframe': 'M15', 'parent_tf': 'H1', 'sub_id': 1, 'started_by': 'reversal'}"
H1.main >> M15.confluence,0,0,1,reversal,0,4,sell,created,False,False,,2273,2363,2365,2455,0.3025516403402187,0.35612499999999997,0.36,0.3,,,H1.main,"{'triggered_by_event_idx': None, 'triggered_by_event_type': None, 'parent_path_id': 'H1.main', 'structure_path_id': 'H1.main >> M15.confluence', 'use_case': 'reversal', 'parent_sid': 0, 'parent_cycle_id': 0, 'timeframe': 'M15', 'parent_tf': 'H1', 'sub_id': 1, 'started_by': 'reversal'}"
H1.main >> M15.confluence,0,0,2,reversal,0,0,buy,locked,True,False,1,2365,2552,2559,2563,0.59675,0.6415155440414507,0.6,0.64,,,H1.main,"{'triggered_by_event_idx': None, 'triggered_by_event_type': None, 'parent_path_id': 'H1.main', 'structure_path_id': 'H1.main >> M15.confluence', 'use_case': 'reversal', 'parent_sid': 0, 'parent_cycle_id': 0, 'timeframe': 'M15', 'parent_tf': 'H1', 'sub_id': 2, 'started_by': 'reversal'}"
H1.main >> M15.confluence,0,0,2,reversal,0,1,buy,created,False,False,,2564,2607,2611,2734,0.3726082578046324,0.6572398190045249,0.37,0.66,,,H1.main,"{'triggered_by_event_idx': None, 'triggered_by_event_type': None, 'parent_path_id': 'H1.main', 'structure_path_id': 'H1.main >> M15.confluence', 'use_case': 'reversal', 'parent_sid': 0, 'parent_cycle_id': 0, 'timeframe': 'M15', 'parent_tf': 'H1', 'sub_id': 2, 'started_by': 'reversal'}"
H1.main >> M15.confluence,0,1,3,reversal,0,0,sell,locked,True,True,1,2631,2734,2736,2757,0.3700636942675159,3.340909090909091,3.34,0.37,710,ZONE_PROXIMITY_TRIGGER,H1.main,"{'triggered_by_event_idx': 710, 'triggered_by_event_type': 'ZONE_PROXIMITY_TRIGGER', 'parent_path_id': 'H1.main', 'structure_path_id': 'H1.main >> M15.confluence', 'use_case': 'reversal', 'parent_sid': 0, 'parent_cycle_id': 1, 'timeframe': 'M15', 'parent_tf': 'H1', 'sub_id': 3, 'started_by': 'reversal'}"
H1.main >> M15.confluence,0,1,3,reversal,0,1,sell,locked,True,False,2,2758,2841,2843,2914,0.7871235721703012,0.9121338912133892,0.91,0.79,710,ZONE_PROXIMITY_TRIGGER,H1.main,"{'triggered_by_event_idx': 710, 'triggered_by_event_type': 'ZONE_PROXIMITY_TRIGGER', 'parent_path_id': 'H1.main', 'structure_path_id': 'H1.main >> M15.confluence', 'use_case': 'reversal', 'parent_sid': 0, 'parent_cycle_id': 1, 'timeframe': 'M15', 'parent_tf': 'H1', 'sub_id': 3, 'started_by': 'reversal'}"
H1.main >> M15.confluence,0,1,3,reversal,0,2,sell,locked,True,False,3,2916,3045,3048,3299,1.2865209471766847,0.2647668393782383,0.26,1.29,710,ZONE_PROXIMITY_TRIGGER,H1.main,"{'triggered_by_event_idx': 710, 'triggered_by_event_type': 'ZONE_PROXIMITY_TRIGGER', 'parent_path_id': 'H1.main', 'structure_path_id': 'H1.main >> M15.confluence', 'use_case': 'reversal', 'parent_sid': 0, 'parent_cycle_id': 1, 'timeframe': 'M15', 'parent_tf': 'H1', 'sub_id': 3, 'started_by': 'reversal'}"
H1.main >> M15.confluence,1,2,4,first_confluence,0,0,sell,created,False,False,,3300,3617,3647,3773,2.425470085470085,1.1988950276243093,1.2,2.43,926,ZONE_PROXIMITY_TRIGGER,H1.main,"{'triggered_by_event_idx': 926, 'triggered_by_event_type': 'ZONE_PROXIMITY_TRIGGER', 'parent_path_id': 'H1.main', 'structure_path_id': 'H1.main >> M15.confluence', 'use_case': 'first_confluence', 'parent_sid': 1, 'parent_cycle_id': 2, 'timeframe': 'M15', 'parent_tf': 'H1', 'sub_id': 4, 'started_by': 'first_confluence'}"
H1.main >> M15.confluence,1,2,6,subsequent_confluence,0,0,sell,created,False,False,,3774,3998,4000,4177,2.526315789473684,0.2785013380909902,0.28,2.53,1020,SUBSEQUENT_COUNTER_TRIGGER,H1.main,"{'triggered_by_event_idx': 1020, 'triggered_by_event_type': 'SUBSEQUENT_COUNTER_TRIGGER', 'parent_path_id': 'H1.main', 'structure_path_id': 'H1.main >> M15.confluence', 'use_case': 'subsequent_confluence', 'parent_sid': 1, 'parent_cycle_id': 2, 'timeframe': 'M15', 'parent_tf': 'H1', 'sub_id': 6, 'started_by': 'subsequent_confluence'}"
H1.main >> M15.confluence,1,2,7,subsequent_counter,0,0,buy,locked,True,False,1,4030,4082,4083,4129,1.2882096069868996,0.46835443037974683,1.29,0.47,1020,SUBSEQUENT_COUNTER_TRIGGER,H1.main,"{'triggered_by_event_idx': 1020, 'triggered_by_event_type': 'SUBSEQUENT_COUNTER_TRIGGER', 'parent_path_id': 'H1.main', 'structure_path_id': 'H1.main >> M15.confluence', 'use_case': 'subsequent_counter', 'parent_sid': 1, 'parent_cycle_id': 2, 'timeframe': 'M15', 'parent_tf': 'H1', 'sub_id': 7, 'started_by': 'subsequent_counter'}"
H1.main >> M15.confluence,1,2,7,subsequent_counter,0,1,buy,locked,True,False,2,4130,4156,4158,4167,0.5961538461538461,0.7358361774744027,0.6,0.74,1020,SUBSEQUENT_COUNTER_TRIGGER,H1.main,"{'triggered_by_event_idx': 1020, 'triggered_by_event_type': 'SUBSEQUENT_COUNTER_TRIGGER', 'parent_path_id': 'H1.main', 'structure_path_id': 'H1.main >> M15.confluence', 'use_case': 'subsequent_counter', 'parent_sid': 1, 'parent_cycle_id': 2, 'timeframe': 'M15', 'parent_tf': 'H1', 'sub_id': 7, 'started_by': 'subsequent_counter'}"
