2016-12-27,FALSE,0
2016-12-28,FALSE,1
2016-12-29,FALSE,2
2016-12-30,FALSE,3
2016-12-31,TRUE,3
2017-01-01,TRUE,3
2017-01-02,TRUE,3
2017-01-03,FALSE,4
2017-01-04,FALSE,5
2017-01-05,FALSE,6
2017-01-06,FALSE,7
2017-01-07,TRUE,7
2017-01-08,TRUE,7
2017-01-09,FALSE,8
2017-01-10,FALSE,9
2017-01-11,FALSE,10
2017-01-12,FALSE,11
2017-01-13,FALSE,12
2017-01-14,TRUE,12
2017-01-15,TRUE,12
2017-01-16,TRUE,12
2017-01-17,FALSE,13
2017-01-18,FALSE,14
2017-01-19,FALSE,15
2017-01-20,FALSE,16
2017-01-21,TRUE,16
2017-01-22,TRUE,16
2017-01-23,FALSE,17
2017-01-24,FALSE,18
2017-01-25,FALSE,19
2017-01-26,FALSE,20
2017-01-27,FALSE,21
2017-01-28,TRUE,21
2017-01-29,TRUE,21
2017-01-30,FALSE,22
2017-01-31,FALSE,23
2017-02-01,FALSE,24
2017-02-02,FALSE,25
2017-02-03,FALSE,26
2017-02-04,TRUE,26
2017-02-05,TRUE,26
2017-02-06,FALSE,27
2017-02-07,FALSE,28
2017-02-08,FALSE,29
2017-02-09,FALSE,30
2017-02-10,FALSE,31
2017-02-11,TRUE,31
2017-02-12,TRUE,31
2017-02-13,FALSE,32
2017-02-14,FALSE,33
2017-02-15,FALSE,34
2017-02-16,FALSE,35
2017-02-17,FALSE,36
2017-02-18,TRUE,36
2017-02-19,TRUE,36
2017-02-20,TRUE,36
2017-02-21,FALSE,37
2017-02-22,FALSE,38
2017-02-23,FALSE,39
2017-02-24,FALSE,40
2017-02-25,TRUE,40
2017-02-26,TRUE,40
2017-02-27,FALSE,41
2017-02-28,FALSE,42
2017-03-01,FALSE,43
2017-03-02,FALSE,44
2017-03-03,FALSE,45
2017-03-04,TRUE,45
2017-03-05,TRUE,45
2017-03-06,FALSE,46
2017-03-07,FALSE,47
2017-03-08,FALSE,48
2017-03-09,FALSE,49
2017-03-10,FALSE,50
2017-03-11,TRUE,50
2017-03-12,TRUE,50
2017-03-13,FALSE,51
2017-03-14,FALSE,52
2017-03-15,FALSE,53
2017-03-16,FALSE,54
2017-03-17,FALSE,55
2017-03-18,TRUE,55
2017-03-19,TRUE,55
2017-03-20,FALSE,56
2017-03-21,FALSE,57
2017-03-22,FALSE,58
2017-03-23,FALSE,59
2017-03-24,FALSE,60
2017-03-25,TRUE,60
2017-03-26,TRUE,60
2017-03-27,FALSE,61
2017-03-28,FALSE,62
2017-03-29,FALSE,63
2017-03-30,FALSE,64
2017-03-31,FALSE,65
2017-04-01,TRUE,65
2017-04-02,TRUE,65
2017-04-03,FALSE,66
2017-04-04,FALSE,67
2017-04-05,FALSE,68
2017-04-06,FALSE,69
2017-04-07,FALSE,70
2017-04-08,TRUE,70
2017-04-09,TRUE,70
2017-04-10,FALSE,71
2017-04-11,FALSE,72
2017-04-12,FALSE,73
2017-04-13,FALSE,74
2017-04-14,TRUE,74
2017-04-15,TRUE,74
2017-04-16,TRUE,74
2017-04-17,FALSE,75
2017-04-18,FALSE,76
2017-04-19,FALSE,77
2017-04-20,FALSE,78
2017-04-21,FALSE,79
2017-04-22,TRUE,79
2017-04-23,TRUE,79
2017-04-24,FALSE,80
2017-04-25,FALSE,81
2017-04-26,FALSE,82
2017-04-27,FALSE,83
2017-04-28,FALSE,84
2017-04-29,TRUE,84
2017-04-30,TRUE,84
2017-05-01,FALSE,85
2017-05-02,FALSE,86
2017-05-03,FALSE,87
2017-05-04,FALSE,88
2017-05-05,FALSE,89
2017-05-06,TRUE,89
2017-05-07,TRUE,89
2017-05-08,FALSE,90
2017-05-09,FALSE,91
2017-05-10,FALSE,92
2017-05-11,FALSE,93
2017-05-12,FALSE,94
2017-05-13,TRUE,94
2017-05-14,TRUE,94
2017-05-15,FALSE,95
2017-05-16,FALSE,96
2017-05-17,FALSE,97
2017-05-18,FALSE,98
2017-05-19,FALSE,99
2017-05-20,TRUE,99
2017-05-21,TRUE,99
2017-05-22,FALSE,100
2017-05-23,FALSE,101
2017-05-24,FALSE,102
2017-05-25,FALSE,103
2017-05-26,FALSE,104
2017-05-27,TRUE,104
2017-05-28,TRUE,104
2017-05-29,TRUE,104
2017-05-30,FALSE,105
2017-05-31,FALSE,106
2017-06-01,FALSE,107
2017-06-02,FALSE,108
2017-06-03,TRUE,108
2017-06-04,TRUE,108
2017-06-05,FALSE,109
2017-06-06,FALSE,110
2017-06-07,FALSE,111
2017-06-08,FALSE,112
2017-06-09,FALSE,113
2017-06-10,TRUE,113
2017-06-11,TRUE,113
2017-06-12,FALSE,114
2017-06-13,FALSE,115
2017-06-14,FALSE,116
2017-06-15,FALSE,117
2017-06-16,FALSE,118
2017-06-17,TRUE,118
2017-06-18,TRUE,118
2017-06-19,FALSE,119
2017-06-20,FALSE,120
2017-06-21,FALSE,121
2017-06-22,FALSE,122
2017-06-23,FALSE,123
2017-06-24,TRUE,123
2017-06-25,TRUE,123
2017-06-26,FALSE,124
2017-06-27,FALSE,125
2017-06-28,FALSE,126
2017-06-29,FALSE,127
2017-06-30,FALSE,128
2017-07-01,TRUE,128
2017-07-02,TRUE,128
2017-07-03,FALSE,129
2017-07-04,TRUE,129
2017-07-05,FALSE,130
2017-07-06,FALSE,131
2017-07-07,FALSE,132
2017-07-08,TRUE,132
2017-07-09,TRUE,132
2017-07-10,FALSE,133
2017-07-11,FALSE,134
2017-07-12,FALSE,135
2017-07-13,FALSE,136
2017-07-14,FALSE,137
2017-07-15,TRUE,137
2017-07-16,TRUE,137
2017-07-17,FALSE,138
2017-07-18,FALSE,139
2017-07-19,FALSE,140
2017-07-20,FALSE,141
2017-07-21,FALSE,142
2017-07-22,TRUE,142
2017-07-23,TRUE,142
2017-07-24,FALSE,143
2017-07-25,FALSE,144
2017-07-26,FALSE,145
2017-07-27,FALSE,146
2017-07-28,FALSE,147
2017-07-29,TRUE,147
2017-07-30,TRUE,147
2017-07-31,FALSE,148
2017-08-01,FALSE,149
2017-08-02,FALSE,150
2017-08-03,FALSE,151
2017-08-04,FALSE,152
2017-08-05,TRUE,152
2017-08-06,TRUE,152
2017-08-07,FALSE,153
2017-08-08,FALSE,154
2017-08-09,FALSE,155
2017-08-10,FALSE,156
2017-08-11,FALSE,157
2017-08-12,TRUE,157
2017-08-13,TRUE,157
2017-08-14,FALSE,158
2017-08-15,FALSE,159
2017-08-16,FALSE,160
2017-08-17,FALSE,161
2017-08-18,FALSE,162
2017-08-19,TRUE,162
2017-08-20,TRUE,162
2017-08-21,FALSE,163
2017-08-22,FALSE,164
2017-08-23,FALSE,165
2017-08-24,FALSE,166
2017-08-25,FALSE,167
2017-08-26,TRUE,167
2017-08-27,TRUE,167
2017-08-28,FALSE,168
2017-08-29,FALSE,169
2017-08-30,FALSE,170
2017-08-31,FALSE,171
2017-09-01,FALSE,172
2017-09-02,TRUE,172
2017-09-03,TRUE,172
2017-09-04,TRUE,172
2017-09-05,FALSE,173
2017-09-06,FALSE,174
2017-09-07,FALSE,175
2017-09-08,FALSE,176
2017-09-09,TRUE,176
2017-09-10,TRUE,176
2017-09-11,FALSE,177
2017-09-12,FALSE,178
2017-09-13,FALSE,179
2017-09-14,FALSE,180
2017-09-15,FALSE,181
2017-09-16,TRUE,181
2017-09-17,TRUE,181
2017-09-18,FALSE,182
2017-09-19,FALSE,183
2017-09-20,FALSE,184
2017-09-21,FALSE,185
2017-09-22,FALSE,186
2017-09-23,TRUE,186
2017-09-24,TRUE,186
2017-09-25,FALSE,187
2017-09-26,FALSE,188
2017-09-27,FALSE,189
2017-09-28,FALSE,190
2017-09-29,FALSE,191
2017-09-30,TRUE,191
2017-10-01,TRUE,191
2017-10-02,FALSE,192
2017-10-03,FALSE,193
2017-10-04,FALSE,194
2017-10-05,FALSE,195
2017-10-06,FALSE,196
2017-10-07,TRUE,196
2017-10-08,TRUE,196
2017-10-09,FALSE,197
2017-10-10,FALSE,198
2017-10-11,FALSE,199
2017-10-12,FALSE,200
2017-10-13,FALSE,201
2017-10-14,TRUE,201
2017-10-15,TRUE,201
2017-10-16,FALSE,202
2017-10-17,FALSE,203
2017-10-18,FALSE,204
2017-10-19,FALSE,205
2017-10-20,FALSE,206
2017-10-21,TRUE,206
2017-10-22,TRUE,206
2017-10-23,FALSE,207
2017-10-24,FALSE,208
2017-10-25,FALSE,209
2017-10-26,FALSE,210
2017-10-27,FALSE,211
2017-10-28,TRUE,211
2017-10-29,TRUE,211
2017-10-30,FALSE,212
2017-10-31,FALSE,213
2017-11-01,FALSE,214
2017-11-02,FALSE,215
2017-11-03,FALSE,216
2017-11-04,TRUE,216
2017-11-05,TRUE,216
2017-11-06,FALSE,217
2017-11-07,FALSE,218
2017-11-08,FALSE,219
2017-11-09,FALSE,220
2017-11-10,FALSE,221
2017-11-11,TRUE,221
2017-11-12,TRUE,221
2017-11-13,FALSE,222
2017-11-14,FALSE,223
2017-11-15,FALSE,224
2017-11-16,FALSE,225
2017-11-17,FALSE,226
2017-11-18,TRUE,226
2017-11-19,TRUE,226
2017-11-20,FALSE,227
2017-11-21,FALSE,228
2017-11-22,FALSE,229
2017-11-23,TRUE,229
2017-11-24,FALSE,230
2017-11-25,TRUE,230
2017-11-26,TRUE,230
2017-11-27,FALSE,231
2017-11-28,FALSE,232
2017-11-29,FALSE,233
2017-11-30,FALSE,234
2017-12-01,FALSE,235
2017-12-02,TRUE,235
2017-12-03,TRUE,235
2017-12-04,FALSE,236
2017-12-05,FALSE,237
2017-12-06,FALSE,238
2017-12-07,FALSE,239
2017-12-08,FALSE,240
2017-12-09,TRUE,240
2017-12-10,TRUE,240
2017-12-11,FALSE,241
2017-12-12,FALSE,242
2017-12-13,FALSE,243
2017-12-14,FALSE,244
2017-12-15,FALSE,245
2017-12-16,TRUE,245
2017-12-17,TRUE,245
2017-12-18,FALSE,246
2017-12-19,FALSE,247
2017-12-20,FALSE,248
2017-12-21,FALSE,249
2017-12-22,FALSE,250
2017-12-23,TRUE,250
2017-12-24,TRUE,250
2017-12-25,TRUE,250
2017-12-26,FALSE,251
2017-12-27,FALSE,252
2017-12-28,FALSE,253
2017-12-29,FALSE,254
2017-12-30,TRUE,254
2017-12-31,TRUE,254
2018-01-01,TRUE,254
2018-01-02,FALSE,255
2018-01-03,FALSE,256
2018-01-04,FALSE,257
2018-01-05,FALSE,258
2018-01-06,TRUE,258
2018-01-07,TRUE,258
2018-01-08,FALSE,259
2018-01-09,FALSE,260
2018-01-10,FALSE,261
2018-01-11,FALSE,262
2018-01-12,FALSE,263
2018-01-13,TRUE,263
2018-01-14,TRUE,263
2018-01-15,TRUE,263
2018-01-16,FALSE,264
2018-01-17,FALSE,265
2018-01-18,FALSE,266
2018-01-19,FALSE,267
2018-01-20,TRUE,267
2018-01-21,TRUE,267
2018-01-22,FALSE,268
2018-01-23,FALSE,269
2018-01-24,FALSE,270
2018-01-25,FALSE,271
2018-01-26,FALSE,272
2018-01-27,TRUE,272
2018-01-28,TRUE,272
2018-01-29,FALSE,273
2018-01-30,FALSE,274
2018-01-31,FALSE,275
2018-02-01,FALSE,276
2018-02-02,FALSE,277
2018-02-03,TRUE,277
2018-02-04,TRUE,277
2018-02-05,FALSE,278
2018-02-06,FALSE,279
2018-02-07,FALSE,280
2018-02-08,FALSE,281
2018-02-09,FALSE,282
2018-02-10,TRUE,282
2018-02-11,TRUE,282
2018-02-12,FALSE,283
2018-02-13,FALSE,284
2018-02-14,FALSE,285
2018-02-15,FALSE,286
2018-02-16,FALSE,287
2018-02-17,TRUE,287
2018-02-18,TRUE,287
2018-02-19,TRUE,287
2018-02-20,FALSE,288
2018-02-21,FALSE,289
2018-02-22,FALSE,290
2018-02-23,FALSE,291
2018-02-24,TRUE,291
2018-02-25,TRUE,291
2018-02-26,FALSE,292
2018-02-27,FALSE,293
2018-02-28,FALSE,294
2018-03-01,FALSE,295
2018-03-02,FALSE,296
2018-03-03,TRUE,296
2018-03-04,TRUE,296
2018-03-05,FALSE,297
2018-03-06,FALSE,298
2018-03-07,FALSE,299
2018-03-08,FALSE,300
2018-03-09,FALSE,301
2018-03-10,TRUE,301
2018-03-11,TRUE,301
2018-03-12,FALSE,302
2018-03-13,FALSE,303
2018-03-14,FALSE,304
2018-03-15,FALSE,305
2018-03-16,FALSE,306
2018-03-17,TRUE,306
2018-03-18,TRUE,306
2018-03-19,FALSE,307
2018-03-20,FALSE,308
2018-03-21,FALSE,309
2018-03-22,FALSE,310
2018-03-23,FALSE,311
2018-03-24,TRUE,311
2018-03-25,TRUE,311
2018-03-26,FALSE,312
2018-03-27,FALSE,313
2018-03-28,FALSE,314
2018-03-29,FALSE,315
2018-03-30,TRUE,315
2018-03-31,TRUE,315
2018-04-01,TRUE,315
2018-04-02,FALSE,316
2018-04-03,FALSE,317
2018-04-04,FALSE,318
2018-04-05,FALSE,319
2018-04-06,FALSE,320
2018-04-07,TRUE,320
2018-04-08,TRUE,320
2018-04-09,FALSE,321
2018-04-10,FALSE,322
2018-04-11,FALSE,323
2018-04-12,FALSE,324
2018-04-13,FALSE,325
2018-04-14,TRUE,325
2018-04-15,TRUE,325
2018-04-16,FALSE,326
2018-04-17,FALSE,327
2018-04-18,FALSE,328
2018-04-19,FALSE,329
2018-04-20,FALSE,330
2018-04-21,TRUE,330
2018-04-22,TRUE,330
2018-04-23,FALSE,331
2018-04-24,FALSE,332
2018-04-25,FALSE,333
2018-04-26,FALSE,334
2018-04-27,FALSE,335
2018-04-28,TRUE,335
2018-04-29,TRUE,335
2018-04-30,FALSE,336
2018-05-01,FALSE,337
2018-05-02,FALSE,338
2018-05-03,FALSE,339
2018-05-04,FALSE,340
2018-05-05,TRUE,340
2018-05-06,TRUE,340
2018-05-07,FALSE,341
2018-05-08,FALSE,342
2018-05-09,FALSE,343
2018-05-10,FALSE,344
2018-05-11,FALSE,345
2018-05-12,TRUE,345
2018-05-13,TRUE,345
2018-05-14,FALSE,346
2018-05-15,FALSE,347
2018-05-16,FALSE,348
2018-05-17,FALSE,349
2018-05-18,FALSE,350
2018-05-19,TRUE,350
2018-05-20,TRUE,350
2018-05-21,FALSE,351
2018-05-22,FALSE,352
2018-05-23,FALSE,353
2018-05-24,FALSE,354
2018-05-25,FALSE,355
2018-05-26,TRUE,355
2018-05-27,TRUE,355
2018-05-28,TRUE,355
2018-05-29,FALSE,356
2018-05-30,FALSE,357
2018-05-31,FALSE,358
2018-06-01,FALSE,359
2018-06-02,TRUE,359
2018-06-03,TRUE,359
2018-06-04,FALSE,360
2018-06-05,FALSE,361
2018-06-06,FALSE,362
2018-06-07,FALSE,363
2018-06-08,FALSE,364
2018-06-09,TRUE,364
2018-06-10,TRUE,364
2018-06-11,FALSE,365
2018-06-12,FALSE,366
2018-06-13,FALSE,367
2018-06-14,FALSE,368
2018-06-15,FALSE,369
2018-06-16,TRUE,369
2018-06-17,TRUE,369
2018-06-18,FALSE,370
2018-06-19,FALSE,371
2018-06-20,FALSE,372
2018-06-21,FALSE,373
2018-06-22,FALSE,374
2018-06-23,TRUE,374
2018-06-24,TRUE,374
2018-06-25,FALSE,375
2018-06-26,FALSE,376
2018-06-27,FALSE,377
2018-06-28,FALSE,378
2018-06-29,FALSE,379
2018-06-30,TRUE,379
2018-07-01,TRUE,379
2018-07-02,FALSE,380
2018-07-03,FALSE,381
2018-07-04,TRUE,381
2018-07-05,FALSE,382
2018-07-06,FALSE,383
2018-07-07,TRUE,383
2018-07-08,TRUE,383
2018-07-09,FALSE,384
2018-07-10,FALSE,385
2018-07-11,FALSE,386
2018-07-12,FALSE,387
2018-07-13,FALSE,388
2018-07-14,TRUE,388
2018-07-15,TRUE,388
2018-07-16,FALSE,389
2018-07-17,FALSE,390
2018-07-18,FALSE,391
2018-07-19,FALSE,392
2018-07-20,FALSE,393
2018-07-21,TRUE,393
2018-07-22,TRUE,393
2018-07-23,FALSE,394
2018-07-24,FALSE,395
2018-07-25,FALSE,396
2018-07-26,FALSE,397
2018-07-27,FALSE,398
2018-07-28,TRUE,398
2018-07-29,TRUE,398
2018-07-30,FALSE,399
2018-07-31,FALSE,400
2018-08-01,FALSE,401
2018-08-02,FALSE,402
2018-08-03,FALSE,403
2018-08-04,TRUE,403
2018-08-05,TRUE,403
2018-08-06,FALSE,404
2018-08-07,FALSE,405
2018-08-08,FALSE,406
2018-08-09,FALSE,407
2018-08-10,FALSE,408
2018-08-11,TRUE,408
2018-08-12,TRUE,408
2018-08-13,FALSE,409
2018-08-14,FALSE,410
2018-08-15,FALSE,411
2018-08-16,FALSE,412
2018-08-17,FALSE,413
2018-08-18,TRUE,413
2018-08-19,TRUE,413
2018-08-20,FALSE,414
2018-08-21,FALSE,415
2018-08-22,FALSE,416
2018-08-23,FALSE,417
2018-08-24,FALSE,418
2018-08-25,TRUE,418
2018-08-26,TRUE,418
2018-08-27,FALSE,419
2018-08-28,FALSE,420
2018-08-29,FALSE,421
2018-08-30,FALSE,422
2018-08-31,FALSE,423
2018-09-01,TRUE,423
2018-09-02,TRUE,423
2018-09-03,TRUE,423
2018-09-04,FALSE,424
2018-09-05,FALSE,425
2018-09-06,FALSE,426
2018-09-07,FALSE,427
2018-09-08,TRUE,427
2018-09-09,TRUE,427
2018-09-10,FALSE,428
2018-09-11,FALSE,429
2018-09-12,FALSE,430
2018-09-13,FALSE,431
2018-09-14,FALSE,432
2018-09-15,TRUE,432
2018-09-16,TRUE,432
2018-09-17,FALSE,433
2018-09-18,FALSE,434
2018-09-19,FALSE,435
2018-09-20,FALSE,436
2018-09-21,FALSE,437
2018-09-22,TRUE,437
2018-09-23,TRUE,437
2018-09-24,FALSE,438
2018-09-25,FALSE,439
2018-09-26,FALSE,440
2018-09-27,FALSE,441
2018-09-28,FALSE,442
2018-09-29,TRUE,442
2018-09-30,TRUE,442
2018-10-01,FALSE,443
2018-10-02,FALSE,444
2018-10-03,FALSE,445
2018-10-04,FALSE,446
2018-10-05,FALSE,447
2018-10-06,TRUE,447
2018-10-07,TRUE,447
2018-10-08,FALSE,448
2018-10-09,FALSE,449
2018-10-10,FALSE,450
2018-10-11,FALSE,451
2018-10-12,FALSE,452
2018-10-13,TRUE,452
2018-10-14,TRUE,452
2018-10-15,FALSE,453
2018-10-16,FALSE,454
2018-10-17,FALSE,455
2018-10-18,FALSE,456
2018-10-19,FALSE,457
2018-10-20,TRUE,457
2018-10-21,TRUE,457
2018-10-22,FALSE,458
2018-10-23,FALSE,459
2018-10-24,FALSE,460
2018-10-25,FALSE,461
2018-10-26,FALSE,462
2018-10-27,TRUE,462
2018-10-28,TRUE,462
2018-10-29,FALSE,463
2018-10-30,FALSE,464
2018-10-31,FALSE,465
2018-11-01,FALSE,466
2018-11-02,FALSE,467
2018-11-03,TRUE,467
2018-11-04,TRUE,467
2018-11-05,FALSE,468
2018-11-06,FALSE,469
2018-11-07,FALSE,470
2018-11-08,FALSE,471
2018-11-09,FALSE,472
2018-11-10,TRUE,472
2018-11-11,TRUE,472
2018-11-12,FALSE,473
2018-11-13,FALSE,474
2018-11-14,FALSE,475
2018-11-15,FALSE,476
2018-11-16,FALSE,477
2018-11-17,TRUE,477
2018-11-18,TRUE,477
2018-11-19,FALSE,478
2018-11-20,FALSE,479
2018-11-21,FALSE,480
2018-11-22,TRUE,480
2018-11-23,FALSE,481
2018-11-24,TRUE,481
2018-11-25,TRUE,481
2018-11-26,FALSE,482
2018-11-27,FALSE,483
2018-11-28,FALSE,484
2018-11-29,FALSE,485
2018-11-30,FALSE,486
2018-12-01,TRUE,486
2018-12-02,TRUE,486
2018-12-03,FALSE,487
2018-12-04,FALSE,488
2018-12-05,FALSE,489
2018-12-06,FALSE,490
2018-12-07,FALSE,491
2018-12-08,TRUE,491
2018-12-09,TRUE,491
2018-12-10,FALSE,492
2018-12-11,FALSE,493
2018-12-12,FALSE,494
2018-12-13,FALSE,495
2018-12-14,FALSE,496
2018-12-15,TRUE,496
2018-12-16,TRUE,496
2018-12-17,FALSE,497
2018-12-18,FALSE,498
2018-12-19,FALSE,499
2018-12-20,FALSE,500
2018-12-21,FALSE,501
2018-12-22,TRUE,501
2018-12-23,TRUE,501
2018-12-24,FALSE,502
2018-12-25,TRUE,502
2018-12-26,FALSE,503
2018-12-27,FALSE,504
2018-12-28,FALSE,505
2018-12-29,TRUE,505
2018-12-30,TRUE,505
2018-12-31,FALSE,506
2019-01-01,TRUE,506
2019-01-02,FALSE,507
2019-01-03,FALSE,508
2019-01-04,FALSE,509
2019-01-05,TRUE,509
2019-01-06,TRUE,509
2019-01-07,FALSE,510
2019-01-08,FALSE,511
2019-01-09,FALSE,512
2019-01-10,FALSE,513
2019-01-11,FALSE,514
2019-01-12,TRUE,514
2019-01-13,TRUE,514
2019-01-14,FALSE,515
2019-01-15,FALSE,516
2019-01-16,FALSE,517
2019-01-17,FALSE,518
2019-01-18,FALSE,519
2019-01-19,TRUE,519
2019-01-20,TRUE,519
2019-01-21,TRUE,519
2019-01-22,FALSE,520
2019-01-23,FALSE,521
2019-01-24,FALSE,522
2019-01-25,FALSE,523
2019-01-26,TRUE,523
2019-01-27,TRUE,523
2019-01-28,FALSE,524
2019-01-29,FALSE,525
2019-01-30,FALSE,526
2019-01-31,FALSE,527
2019-02-01,FALSE,528
2019-02-02,TRUE,528
2019-02-03,TRUE,528
2019-02-04,FALSE,529
2019-02-05,FALSE,530
2019-02-06,FALSE,531
2019-02-07,FALSE,532
2019-02-08,FALSE,533
2019-02-09,TRUE,533
2019-02-10,TRUE,533
2019-02-11,FALSE,534
2019-02-12,FALSE,535
2019-02-13,FALSE,536
2019-02-14,FALSE,537
2019-02-15,FALSE,538
2019-02-16,TRUE,538
2019-02-17,TRUE,538
2019-02-18,TRUE,538
2019-02-19,FALSE,539
2019-02-20,FALSE,540
2019-02-21,FALSE,541
2019-02-22,FALSE,542
2019-02-23,TRUE,542
2019-02-24,TRUE,542
2019-02-25,FALSE,543
2019-02-26,FALSE,544
2019-02-27,FALSE,545
2019-02-28,FALSE,546
2019-03-01,FALSE,547
2019-03-02,TRUE,547
2019-03-03,TRUE,547
2019-03-04,FALSE,548
2019-03-05,FALSE,549
2019-03-06,FALSE,550
2019-03-07,FALSE,551
2019-03-08,FALSE,552
2019-03-09,TRUE,552
2019-03-10,TRUE,552
2019-03-11,FALSE,553
2019-03-12,FALSE,554
2019-03-13,FALSE,555
2019-03-14,FALSE,556
2019-03-15,FALSE,557
2019-03-16,TRUE,557
2019-03-17,TRUE,557
2019-03-18,FALSE,558
2019-03-19,FALSE,559
2019-03-20,FALSE,560
2019-03-21,FALSE,561
2019-03-22,FALSE,562
2019-03-23,TRUE,562
2019-03-24,TRUE,562
2019-03-25,FALSE,563
2019-03-26,FALSE,564
2019-03-27,FALSE,565
2019-03-28,FALSE,566
2019-03-29,FALSE,567
2019-03-30,TRUE,567
2019-03-31,TRUE,567
2019-04-01,FALSE,568
2019-04-02,FALSE,569
2019-04-03,FALSE,570
2019-04-04,FALSE,571
2019-04-05,FALSE,572
2019-04-06,TRUE,572
2019-04-07,TRUE,572
2019-04-08,FALSE,573
2019-04-09,FALSE,574
2019-04-10,FALSE,575
2019-04-11,FALSE,576
2019-04-12,FALSE,577
2019-04-13,TRUE,577
2019-04-14,TRUE,577
2019-04-15,FALSE,578
2019-04-16,FALSE,579
2019-04-17,FALSE,580
2019-04-18,FALSE,581
2019-04-19,TRUE,581
2019-04-20,TRUE,581
2019-04-21,TRUE,581
2019-04-22,FALSE,582
2019-04-23,FALSE,583
2019-04-24,FALSE,584
2019-04-25,FALSE,585
2019-04-26,FALSE,586
2019-04-27,TRUE,586
2019-04-28,TRUE,586
2019-04-29,FALSE,587
2019-04-30,FALSE,588
2019-05-01,FALSE,589
2019-05-02,FALSE,590
2019-05-03,FALSE,591
2019-05-04,TRUE,591
2019-05-05,TRUE,591
2019-05-06,FALSE,592
2019-05-07,FALSE,593
2019-05-08,FALSE,594
2019-05-09,FALSE,595
2019-05-10,FALSE,596
2019-05-11,TRUE,596
2019-05-12,TRUE,596
2019-05-13,FALSE,597
2019-05-14,FALSE,598
2019-05-15,FALSE,599
2019-05-16,FALSE,600
2019-05-17,FALSE,601
2019-05-18,TRUE,601
2019-05-19,TRUE,601
2019-05-20,FALSE,602
2019-05-21,FALSE,603
2019-05-22,FALSE,604
2019-05-23,FALSE,605
2019-05-24,FALSE,606
2019-05-25,TRUE,606
2019-05-26,TRUE,606
2019-05-27,TRUE,606
2019-05-28,FALSE,607
2019-05-29,FALSE,608
2019-05-30,FALSE,609
2019-05-31,FALSE,610
2019-06-01,TRUE,610
2019-06-02,TRUE,610
2019-06-03,FALSE,611
2019-06-04,FALSE,612
2019-06-05,FALSE,613
2019-06-06,FALSE,614
2019-06-07,FALSE,615
2019-06-08,TRUE,615
2019-06-09,TRUE,615
2019-06-10,FALSE,616
2019-06-11,FALSE,617
2019-06-12,FALSE,618
2019-06-13,FALSE,619
2019-06-14,FALSE,620
2019-06-15,TRUE,620
2019-06-16,TRUE,620
2019-06-17,FALSE,621
2019-06-18,FALSE,622
2019-06-19,FALSE,623
2019-06-20,FALSE,624
2019-06-21,FALSE,625
2019-06-22,TRUE,625
2019-06-23,TRUE,625
2019-06-24,FALSE,626
2019-06-25,FALSE,627
2019-06-26,FALSE,628
2019-06-27,FALSE,629
2019-06-28,FALSE,630
2019-06-29,TRUE,630
2019-06-30,TRUE,630
2019-07-01,FALSE,631
2019-07-02,FALSE,632
2019-07-03,FALSE,633
2019-07-04,TRUE,633
2019-07-05,FALSE,634
2019-07-06,TRUE,634
2019-07-07,TRUE,634
2019-07-08,FALSE,635
2019-07-09,FALSE,636
2019-07-10,FALSE,637
2019-07-11,FALSE,638
2019-07-12,FALSE,639
2019-07-13,TRUE,639
2019-07-14,TRUE,639
2019-07-15,FALSE,640
2019-07-16,FALSE,641
2019-07-17,FALSE,642
2019-07-18,FALSE,643
2019-07-19,FALSE,644
2019-07-20,TRUE,644
2019-07-21,TRUE,644
2019-07-22,FALSE,645
2019-07-23,FALSE,646
2019-07-24,FALSE,647
2019-07-25,FALSE,648
2019-07-26,FALSE,649
2019-07-27,TRUE,649
2019-07-28,TRUE,649
2019-07-29,FALSE,650
2019-07-30,FALSE,651
2019-07-31,FALSE,652
2019-08-01,FALSE,653
2019-08-02,FALSE,654
2019-08-03,TRUE,654
2019-08-04,TRUE,654
2019-08-05,FALSE,655
2019-08-06,FALSE,656
2019-08-07,FALSE,657
2019-08-08,FALSE,658
2019-08-09,FALSE,659
2019-08-10,TRUE,659
2019-08-11,TRUE,659
2019-08-12,FALSE,660
2019-08-13,FALSE,661
2019-08-14,FALSE,662
2019-08-15,FALSE,663
2019-08-16,FALSE,664
2019-08-17,TRUE,664
2019-08-18,TRUE,664
2019-08-19,FALSE,665
2019-08-20,FALSE,666
2019-08-21,FALSE,667
2019-08-22,FALSE,668
2019-08-23,FALSE,669
2019-08-24,TRUE,669
2019-08-25,TRUE,669
2019-08-26,FALSE,670
2019-08-27,FALSE,671
2019-08-28,FALSE,672
2019-08-29,FALSE,673
2019-08-30,FALSE,674
2019-08-31,TRUE,674
2019-09-01,TRUE,674
2019-09-02,TRUE,674
2019-09-03,FALSE,675
2019-09-04,FALSE,676
2019-09-05,FALSE,677
2019-09-06,FALSE,678
2019-09-07,TRUE,678
2019-09-08,TRUE,678
2019-09-09,FALSE,679
2019-09-10,FALSE,680
2019-09-11,FALSE,681
2019-09-12,FALSE,682
2019-09-13,FALSE,683
2019-09-14,TRUE,683
2019-09-15,TRUE,683
2019-09-16,FALSE,684
2019-09-17,FALSE,685
2019-09-18,FALSE,686
2019-09-19,FALSE,687
2019-09-20,FALSE,688
2019-09-21,TRUE,688
2019-09-22,TRUE,688
2019-09-23,FALSE,689
2019-09-24,FALSE,690
2019-09-25,FALSE,691
2019-09-26,FALSE,692
2019-09-27,FALSE,693
2019-09-28,TRUE,693
2019-09-29,TRUE,693
2019-09-30,FALSE,694
2019-10-01,FALSE,695
2019-10-02,FALSE,696
2019-10-03,FALSE,697
2019-10-04,FALSE,698
2019-10-05,TRUE,698
2019-10-06,TRUE,698
2019-10-07,FALSE,699
2019-10-08,FALSE,700
2019-10-09,FALSE,701
2019-10-10,FALSE,702
2019-10-11,FALSE,703
2019-10-12,TRUE,703
2019-10-13,TRUE,703
2019-10-14,FALSE,704
2019-10-15,FALSE,705
2019-10-16,FALSE,706
2019-10-17,FALSE,707
2019-10-18,FALSE,708
2019-10-19,TRUE,708
2019-10-20,TRUE,708
2019-10-21,FALSE,709
2019-10-22,FALSE,710
2019-10-23,FALSE,711
2019-10-24,FALSE,712
2019-10-25,FALSE,713
2019-10-26,TRUE,713
2019-10-27,TRUE,713
2019-10-28,FALSE,714
2019-10-29,FALSE,715
2019-10-30,FALSE,716
2019-10-31,FALSE,717
2019-11-01,FALSE,718
2019-11-02,TRUE,718
2019-11-03,TRUE,718
2019-11-04,FALSE,719
2019-11-05,FALSE,720
2019-11-06,FALSE,721
2019-11-07,FALSE,722
2019-11-08,FALSE,723
2019-11-09,TRUE,723
2019-11-10,TRUE,723
2019-11-11,FALSE,724
2019-11-12,FALSE,725
2019-11-13,FALSE,726
2019-11-14,FALSE,727
2019-11-15,FALSE,728
2019-11-16,TRUE,728
2019-11-17,TRUE,728
2019-11-18,FALSE,729
2019-11-19,FALSE,730
2019-11-20,FALSE,731
2019-11-21,FALSE,732
2019-11-22,FALSE,733
2019-11-23,TRUE,733
2019-11-24,TRUE,733
2019-11-25,FALSE,734
2019-11-26,FALSE,735
2019-11-27,FALSE,736
2019-11-28,TRUE,736
2019-11-29,FALSE,737
2019-11-30,TRUE,737
2019-12-01,TRUE,737
2019-12-02,FALSE,738
2019-12-03,FALSE,739
2019-12-04,FALSE,740
2019-12-05,FALSE,741
2019-12-06,FALSE,742
2019-12-07,TRUE,742
2019-12-08,TRUE,742
2019-12-09,FALSE,743
2019-12-10,FALSE,744
2019-12-11,FALSE,745
2019-12-12,FALSE,746
2019-12-13,FALSE,747
2019-12-14,TRUE,747
2019-12-15,TRUE,747
2019-12-16,FALSE,748
2019-12-17,FALSE,749
2019-12-18,FALSE,750
2019-12-19,FALSE,751
2019-12-20,FALSE,752
2019-12-21,TRUE,752
2019-12-22,TRUE,752
2019-12-23,FALSE,753
2019-12-24,FALSE,754
2019-12-25,TRUE,754
2019-12-26,FALSE,755
2019-12-27,FALSE,756
2019-12-28,TRUE,756
2019-12-29,TRUE,756
2019-12-30,FALSE,757
2019-12-31,FALSE,758
2020-01-01,TRUE,758
2020-01-02,FALSE,759
2020-01-03,FALSE,760
2020-01-04,TRUE,760
2020-01-05,TRUE,760
2020-01-06,FALSE,761
2020-01-07,FALSE,762
2020-01-08,FALSE,763
2020-01-09,FALSE,764
2020-01-10,FALSE,765
2020-01-11,TRUE,765
2020-01-12,TRUE,765
2020-01-13,FALSE,766
2020-01-14,FALSE,767
2020-01-15,FALSE,768
2020-01-16,FALSE,769
2020-01-17,FALSE,770
2020-01-18,TRUE,770
2020-01-19,TRUE,770
2020-01-20,TRUE,770
2020-01-21,FALSE,771
2020-01-22,FALSE,772
2020-01-23,FALSE,773
2020-01-24,FALSE,774
2020-01-25,TRUE,774
2020-01-26,TRUE,774
2020-01-27,FALSE,775
2020-01-28,FALSE,776
2020-01-29,FALSE,777
2020-01-30,FALSE,778
2020-01-31,FALSE,779
2020-02-01,TRUE,779
2020-02-02,TRUE,779
2020-02-03,FALSE,780
2020-02-04,FALSE,781
2020-02-05,FALSE,782
2020-02-06,FALSE,783
2020-02-07,FALSE,784
2020-02-08,TRUE,784
2020-02-09,TRUE,784
2020-02-10,FALSE,785
2020-02-11,FALSE,786
2020-02-12,FALSE,787
2020-02-13,FALSE,788
2020-02-14,FALSE,789
2020-02-15,TRUE,789
2020-02-16,TRUE,789
2020-02-17,TRUE,789
2020-02-18,FALSE,790
2020-02-19,FALSE,791
2020-02-20,FALSE,792
2020-02-21,FALSE,793
2020-02-22,TRUE,793
2020-02-23,TRUE,793
2020-02-24,FALSE,794
2020-02-25,FALSE,795
2020-02-26,FALSE,796
2020-02-27,FALSE,797
2020-02-28,FALSE,798
2020-02-29,TRUE,798
2020-03-01,TRUE,798
2020-03-02,FALSE,799
2020-03-03,FALSE,800
2020-03-04,FALSE,801
2020-03-05,FALSE,802
2020-03-06,FALSE,803
2020-03-07,TRUE,803
2020-03-08,TRUE,803
2020-03-09,FALSE,804
2020-03-10,FALSE,805
2020-03-11,FALSE,806
2020-03-12,FALSE,807
2020-03-13,FALSE,808
2020-03-14,TRUE,808
2020-03-15,TRUE,808
2020-03-16,FALSE,809
2020-03-17,FALSE,810
2020-03-18,FALSE,811
2020-03-19,FALSE,812
2020-03-20,FALSE,813
2020-03-21,TRUE,813
2020-03-22,TRUE,813
2020-03-23,FALSE,814
2020-03-24,FALSE,815
2020-03-25,FALSE,816
2020-03-26,FALSE,817
2020-03-27,FALSE,818
2020-03-28,TRUE,818
2020-03-29,TRUE,818
2020-03-30,FALSE,819
2020-03-31,FALSE,820
2020-04-01,FALSE,821
2020-04-02,FALSE,822
2020-04-03,FALSE,823
2020-04-04,TRUE,823
2020-04-05,TRUE,823
2020-04-06,FALSE,824
2020-04-07,FALSE,825
2020-04-08,FALSE,826
2020-04-09,FALSE,827
2020-04-10,TRUE,827
2020-04-11,TRUE,827
2020-04-12,TRUE,827
2020-04-13,FALSE,828
2020-04-14,FALSE,829
2020-04-15,FALSE,830
2020-04-16,FALSE,831
2020-04-17,FALSE,832
2020-04-18,TRUE,832
2020-04-19,TRUE,832
2020-04-20,FALSE,833
2020-04-21,FALSE,834
2020-04-22,FALSE,835
2020-04-23,FALSE,836
2020-04-24,FALSE,837
2020-04-25,TRUE,837
2020-04-26,TRUE,837
2020-04-27,FALSE,838
2020-04-28,FALSE,839
2020-04-29,FALSE,840
2020-04-30,FALSE,841
2020-05-01,FALSE,842
2020-05-02,TRUE,842
2020-05-03,TRUE,842
2020-05-04,FALSE,843
2020-05-05,FALSE,844
2020-05-06,FALSE,845
2020-05-07,FALSE,846
2020-05-08,FALSE,847
2020-05-09,TRUE,847
2020-05-10,TRUE,847
2020-05-11,FALSE,848
2020-05-12,FALSE,849
2020-05-13,FALSE,850
2020-05-14,FALSE,851
2020-05-15,FALSE,852
2020-05-16,TRUE,852
2020-05-17,TRUE,852
2020-05-18,FALSE,853
2020-05-19,FALSE,854
2020-05-20,FALSE,855
2020-05-21,FALSE,856
2020-05-22,FALSE,857
2020-05-23,TRUE,857
2020-05-24,TRUE,857
2020-05-25,TRUE,857
2020-05-26,FALSE,858
2020-05-27,FALSE,859
2020-05-28,FALSE,860
2020-05-29,FALSE,861
2020-05-30,TRUE,861
2020-05-31,TRUE,861
2020-06-01,FALSE,862
2020-06-02,FALSE,863
2020-06-03,FALSE,864
2020-06-04,FALSE,865
2020-06-05,FALSE,866
2020-06-06,TRUE,866
2020-06-07,TRUE,866
2020-06-08,FALSE,867
2020-06-09,FALSE,868
2020-06-10,FALSE,869
2020-06-11,FALSE,870
2020-06-12,FALSE,871
2020-06-13,TRUE,871
2020-06-14,TRUE,871
2020-06-15,FALSE,872
2020-06-16,FALSE,873
2020-06-17,FALSE,874
2020-06-18,FALSE,875
2020-06-19,FALSE,876
2020-06-20,TRUE,876
2020-06-21,TRUE,876
2020-06-22,FALSE,877
2020-06-23,FALSE,878
2020-06-24,FALSE,879
2020-06-25,FALSE,880
2020-06-26,FALSE,881
2020-06-27,TRUE,881
2020-06-28,TRUE,881
2020-06-29,FALSE,882
2020-06-30,FALSE,883
2020-07-01,FALSE,884
2020-07-02,FALSE,885
2020-07-03,TRUE,885
2020-07-04,TRUE,885
2020-07-05,TRUE,885
2020-07-06,FALSE,886
2020-07-07,FALSE,887
2020-07-08,FALSE,888
2020-07-09,FALSE,889
2020-07-10,FALSE,890
2020-07-11,TRUE,890
2020-07-12,TRUE,890
2020-07-13,FALSE,891
2020-07-14,FALSE,892
2020-07-15,FALSE,893
2020-07-16,FALSE,894
2020-07-17,FALSE,895
2020-07-18,TRUE,895
2020-07-19,TRUE,895
2020-07-20,FALSE,896
2020-07-21,FALSE,897
2020-07-22,FALSE,898
2020-07-23,FALSE,899
2020-07-24,FALSE,900
2020-07-25,TRUE,900
2020-07-26,TRUE,900
2020-07-27,FALSE,901
2020-07-28,FALSE,902
2020-07-29,FALSE,903
2020-07-30,FALSE,904
2020-07-31,FALSE,905
2020-08-01,TRUE,905
2020-08-02,TRUE,905
2020-08-03,FALSE,906
2020-08-04,FALSE,907
2020-08-05,FALSE,908
2020-08-06,FALSE,909
2020-08-07,FALSE,910
2020-08-08,TRUE,910
2020-08-09,TRUE,910
2020-08-10,FALSE,911
2020-08-11,FALSE,912
2020-08-12,FALSE,913
2020-08-13,FALSE,914
2020-08-14,FALSE,915
2020-08-15,TRUE,915
2020-08-16,TRUE,915
2020-08-17,FALSE,916
2020-08-18,FALSE,917
2020-08-19,FALSE,918
2020-08-20,FALSE,919
2020-08-21,FALSE,920
2020-08-22,TRUE,920
2020-08-23,TRUE,920
2020-08-24,FALSE,921
2020-08-25,FALSE,922
2020-08-26,FALSE,923
2020-08-27,FALSE,924
2020-08-28,FALSE,925
2020-08-29,TRUE,925
2020-08-30,TRUE,925
2020-08-31,FALSE,926
2020-09-01,FALSE,927
2020-09-02,FALSE,928
2020-09-03,FALSE,929
2020-09-04,FALSE,930
2020-09-05,TRUE,930
2020-09-06,TRUE,930
2020-09-07,TRUE,930
2020-09-08,FALSE,931
2020-09-09,FALSE,932
2020-09-10,FALSE,933
2020-09-11,FALSE,934
2020-09-12,TRUE,934
2020-09-13,TRUE,934
2020-09-14,FALSE,935
2020-09-15,FALSE,936
2020-09-16,FALSE,937
2020-09-17,FALSE,938
2020-09-18,FALSE,939
2020-09-19,TRUE,939
2020-09-20,TRUE,939
2020-09-21,FALSE,940
2020-09-22,FALSE,941
2020-09-23,FALSE,942
2020-09-24,FALSE,943
2020-09-25,FALSE,944
2020-09-26,TRUE,944
2020-09-27,TRUE,944
2020-09-28,FALSE,945
2020-09-29,FALSE,946
2020-09-30,FALSE,947
2020-10-01,FALSE,948
2020-10-02,FALSE,949
2020-10-03,TRUE,949
2020-10-04,TRUE,949
2020-10-05,FALSE,950
2020-10-06,FALSE,951
2020-10-07,FALSE,952
2020-10-08,FALSE,953
2020-10-09,FALSE,954
2020-10-10,TRUE,954
2020-10-11,TRUE,954
2020-10-12,FALSE,955
2020-10-13,FALSE,956
2020-10-14,FALSE,957
2020-10-15,FALSE,958
2020-10-16,FALSE,959
2020-10-17,TRUE,959
2020-10-18,TRUE,959
2020-10-19,FALSE,960
2020-10-20,FALSE,961
2020-10-21,FALSE,962
2020-10-22,FALSE,963
2020-10-23,FALSE,964
2020-10-24,TRUE,964
2020-10-25,TRUE,964
2020-10-26,FALSE,965
2020-10-27,FALSE,966
2020-10-28,FALSE,967
2020-10-29,FALSE,968
2020-10-30,FALSE,969
2020-10-31,TRUE,969
2020-11-01,TRUE,969
2020-11-02,FALSE,970
2020-11-03,FALSE,971
2020-11-04,FALSE,972
2020-11-05,FALSE,973
2020-11-06,FALSE,974
2020-11-07,TRUE,974
2020-11-08,TRUE,974
2020-11-09,FALSE,975
2020-11-10,FALSE,976
2020-11-11,FALSE,977
2020-11-12,FALSE,978
2020-11-13,FALSE,979
2020-11-14,TRUE,979
2020-11-15,TRUE,979
2020-11-16,FALSE,980
2020-11-17,FALSE,981
2020-11-18,FALSE,982
2020-11-19,FALSE,983
2020-11-20,FALSE,984
2020-11-21,TRUE,984
2020-11-22,TRUE,984
2020-11-23,FALSE,985
2020-11-24,FALSE,986
2020-11-25,FALSE,987
2020-11-26,TRUE,987
2020-11-27,FALSE,988
2020-11-28,TRUE,988
2020-11-29,TRUE,988
2020-11-30,FALSE,989
2020-12-01,FALSE,990
2020-12-02,FALSE,991
2020-12-03,FALSE,992
2020-12-04,FALSE,993
2020-12-05,TRUE,993
2020-12-06,TRUE,993
2020-12-07,FALSE,994
2020-12-08,FALSE,995
2020-12-09,FALSE,996
2020-12-10,FALSE,997
2020-12-11,FALSE,998
2020-12-12,TRUE,998
2020-12-13,TRUE,998
2020-12-14,FALSE,999
2020-12-15,FALSE,1000
2020-12-16,FALSE,1001
2020-12-17,FALSE,1002
2020-12-18,FALSE,1003
2020-12-19,TRUE,1003
2020-12-20,TRUE,1003
2020-12-21,FALSE,1004
2020-12-22,FALSE,1005
2020-12-23,FALSE,1006
2020-12-24,FALSE,1007
2020-12-25,TRUE,1007
2020-12-26,TRUE,1007
2020-12-27,TRUE,1007
2020-12-28,FALSE,1008
2020-12-29,FALSE,1009
2020-12-30,FALSE,1010
2020-12-31,FALSE,1011
2021-01-01,TRUE,1011
2021-01-02,TRUE,1011
2021-01-03,TRUE,1011
2021-01-04,FALSE,1012
2021-01-05,FALSE,1013
2021-01-06,FALSE,1014
2021-01-07,FALSE,1015
2021-01-08,FALSE,1016
2021-01-09,TRUE,1016
2021-01-10,TRUE,1016
2021-01-11,FALSE,1017
2021-01-12,FALSE,1018
2021-01-13,FALSE,1019
2021-01-14,FALSE,1020
2021-01-15,FALSE,1021
2021-01-16,TRUE,1021
2021-01-17,TRUE,1021
2021-01-18,TRUE,1021
2021-01-19,FALSE,1022
2021-01-20,FALSE,1023
2021-01-21,FALSE,1024
2021-01-22,FALSE,1025
2021-01-23,TRUE,1025
2021-01-24,TRUE,1025
2021-01-25,FALSE,1026
2021-01-26,FALSE,1027
2021-01-27,FALSE,1028
2021-01-28,FALSE,1029
2021-01-29,FALSE,1030
2021-01-30,TRUE,1030
2021-01-31,TRUE,1030
2021-02-01,FALSE,1031
2021-02-02,FALSE,1032
2021-02-03,FALSE,1033
2021-02-04,FALSE,1034
2021-02-05,FALSE,1035
2021-02-06,TRUE,1035
2021-02-07,TRUE,1035
2021-02-08,FALSE,1036
2021-02-09,FALSE,1037
2021-02-10,FALSE,1038
2021-02-11,FALSE,1039
2021-02-12,FALSE,1040
2021-02-13,TRUE,1040
2021-02-14,TRUE,1040
2021-02-15,TRUE,1040
2021-02-16,FALSE,1041
2021-02-17,FALSE,1042
2021-02-18,FALSE,1043
2021-02-19,FALSE,1044
2021-02-20,TRUE,1044
2021-02-21,TRUE,1044
2021-02-22,FALSE,1045
2021-02-23,FALSE,1046
2021-02-24,FALSE,1047
2021-02-25,FALSE,1048
2021-02-26,FALSE,1049
2021-02-27,TRUE,1049
2021-02-28,TRUE,1049
2021-03-01,FALSE,1050
2021-03-02,FALSE,1051
2021-03-03,FALSE,1052
2021-03-04,FALSE,1053
2021-03-05,FALSE,1054
2021-03-06,TRUE,1054
2021-03-07,TRUE,1054
2021-03-08,FALSE,1055
2021-03-09,FALSE,1056
2021-03-10,FALSE,1057
2021-03-11,FALSE,1058
2021-03-12,FALSE,1059
2021-03-13,TRUE,1059
2021-03-14,TRUE,1059
2021-03-15,FALSE,1060
2021-03-16,FALSE,1061
2021-03-17,FALSE,1062
2021-03-18,FALSE,1063
2021-03-19,FALSE,1064
2021-03-20,TRUE,1064
2021-03-21,TRUE,1064
2021-03-22,FALSE,1065
2021-03-23,FALSE,1066
2021-03-24,FALSE,1067
2021-03-25,FALSE,1068
2021-03-26,FALSE,1069
2021-03-27,TRUE,1069
2021-03-28,TRUE,1069
2021-03-29,FALSE,1070
2021-03-30,FALSE,1071
2021-03-31,FALSE,1072
2021-04-01,FALSE,1073
2021-04-02,TRUE,1073
2021-04-03,TRUE,1073
2021-04-04,TRUE,1073
2021-04-05,FALSE,1074
2021-04-06,FALSE,1075
2021-04-07,FALSE,1076
2021-04-08,FALSE,1077
2021-04-09,FALSE,1078
2021-04-10,TRUE,1078
2021-04-11,TRUE,1078
2021-04-12,FALSE,1079
2021-04-13,FALSE,1080
2021-04-14,FALSE,1081
2021-04-15,FALSE,1082
2021-04-16,FALSE,1083
2021-04-17,TRUE,1083
2021-04-18,TRUE,1083
2021-04-19,FALSE,1084
2021-04-20,FALSE,1085
2021-04-21,FALSE,1086
2021-04-22,FALSE,1087
2021-04-23,FALSE,1088
2021-04-24,TRUE,1088
2021-04-25,TRUE,1088
2021-04-26,FALSE,1089
2021-04-27,FALSE,1090
2021-04-28,FALSE,1091
2021-04-29,FALSE,1092
2021-04-30,FALSE,1093
2021-05-01,TRUE,1093
2021-05-02,TRUE,1093
2021-05-03,FALSE,1094
2021-05-04,FALSE,1095
2021-05-05,FALSE,1096
2021-05-06,FALSE,1097
2021-05-07,FALSE,1098
2021-05-08,TRUE,1098
2021-05-09,TRUE,1098
2021-05-10,FALSE,1099
2021-05-11,FALSE,1100
2021-05-12,FALSE,1101
2021-05-13,FALSE,1102
2021-05-14,FALSE,1103
2021-05-15,TRUE,1103
2021-05-16,TRUE,1103
2021-05-17,FALSE,1104
2021-05-18,FALSE,1105
2021-05-19,FALSE,1106
2021-05-20,FALSE,1107
2021-05-21,FALSE,1108
2021-05-22,TRUE,1108
2021-05-23,TRUE,1108
2021-05-24,FALSE,1109
2021-05-25,FALSE,1110
2021-05-26,FALSE,1111
2021-05-27,FALSE,1112
2021-05-28,FALSE,1113
2021-05-29,TRUE,1113
2021-05-30,TRUE,1113
2021-05-31,TRUE,1113
2021-06-01,FALSE,1114
2021-06-02,FALSE,1115
2021-06-03,FALSE,1116
2021-06-04,FALSE,1117
2021-06-05,TRUE,1117
2021-06-06,TRUE,1117
2021-06-07,FALSE,1118
2021-06-08,FALSE,1119
2021-06-09,FALSE,1120
2021-06-10,FALSE,1121
2021-06-11,FALSE,1122
2021-06-12,TRUE,1122
2021-06-13,TRUE,1122
2021-06-14,FALSE,1123
2021-06-15,FALSE,1124
2021-06-16,FALSE,1125
2021-06-17,FALSE,1126
2021-06-18,FALSE,1127
2021-06-19,TRUE,1127
2021-06-20,TRUE,1127
2021-06-21,FALSE,1128
2021-06-22,FALSE,1129
2021-06-23,FALSE,1130
2021-06-24,FALSE,1131
2021-06-25,FALSE,1132
2021-06-26,TRUE,1132
2021-06-27,TRUE,1132
2021-06-28,FALSE,1133
2021-06-29,FALSE,1134
2021-06-30,FALSE,1135
2021-07-01,FALSE,1136
2021-07-02,FALSE,1137
2021-07-03,TRUE,1137
2021-07-04,TRUE,1137
2021-07-05,TRUE,1137
2021-07-06,FALSE,1138
2021-07-07,FALSE,1139
2021-07-08,FALSE,1140
2021-07-09,FALSE,1141
2021-07-10,TRUE,1141
2021-07-11,TRUE,1141
2021-07-12,FALSE,1142
2021-07-13,FALSE,1143
2021-07-14,FALSE,1144
2021-07-15,FALSE,1145
2021-07-16,FALSE,1146
2021-07-17,TRUE,1146
2021-07-18,TRUE,1146
2021-07-19,FALSE,1147
2021-07-20,FALSE,1148
2021-07-21,FALSE,1149
2021-07-22,FALSE,1150
2021-07-23,FALSE,1151
2021-07-24,TRUE,1151
2021-07-25,TRUE,1151
2021-07-26,FALSE,1152
2021-07-27,FALSE,1153
2021-07-28,FALSE,1154
2021-07-29,FALSE,1155
2021-07-30,FALSE,1156
2021-07-31,TRUE,1156
2021-08-01,TRUE,1156
2021-08-02,FALSE,1157
2021-08-03,FALSE,1158
2021-08-04,FALSE,1159
2021-08-05,FALSE,1160
2021-08-06,FALSE,1161
2021-08-07,TRUE,1161
2021-08-08,TRUE,1161
2021-08-09,FALSE,1162
2021-08-10,FALSE,1163
2021-08-11,FALSE,1164
2021-08-12,FALSE,1165
2021-08-13,FALSE,1166
2021-08-14,TRUE,1166
2021-08-15,TRUE,1166
2021-08-16,FALSE,1167
2021-08-17,FALSE,1168
2021-08-18,FALSE,1169
2021-08-19,FALSE,1170
2021-08-20,FALSE,1171
2021-08-21,TRUE,1171
2021-08-22,TRUE,1171
2021-08-23,FALSE,1172
2021-08-24,FALSE,1173
2021-08-25,FALSE,1174
2021-08-26,FALSE,1175
2021-08-27,FALSE,1176
2021-08-28,TRUE,1176
2021-08-29,TRUE,1176
2021-08-30,FALSE,1177
2021-08-31,FALSE,1178
2021-09-01,FALSE,1179
2021-09-02,FALSE,1180
2021-09-03,FALSE,1181
2021-09-04,TRUE,1181
2021-09-05,TRUE,1181
2021-09-06,TRUE,1181
2021-09-07,FALSE,1182
2021-09-08,FALSE,1183
2021-09-09,FALSE,1184
2021-09-10,FALSE,1185
2021-09-11,TRUE,1185
2021-09-12,TRUE,1185
2021-09-13,FALSE,1186
2021-09-14,FALSE,1187
2021-09-15,FALSE,1188
2021-09-16,FALSE,1189
2021-09-17,FALSE,1190
2021-09-18,TRUE,1190
2021-09-19,TRUE,1190
2021-09-20,FALSE,1191
2021-09-21,FALSE,1192
2021-09-22,FALSE,1193
2021-09-23,FALSE,1194
2021-09-24,FALSE,1195
2021-09-25,TRUE,1195
2021-09-26,TRUE,1195
2021-09-27,FALSE,1196
2021-09-28,FALSE,1197
2021-09-29,FALSE,1198
2021-09-30,FALSE,1199
2021-10-01,FALSE,1200
2021-10-02,TRUE,1200
2021-10-03,TRUE,1200
2021-10-04,FALSE,1201
2021-10-05,FALSE,1202
2021-10-06,FALSE,1203
2021-10-07,FALSE,1204
2021-10-08,FALSE,1205
2021-10-09,TRUE,1205
2021-10-10,TRUE,1205
2021-10-11,FALSE,1206
2021-10-12,FALSE,1207
2021-10-13,FALSE,1208
2021-10-14,FALSE,1209
2021-10-15,FALSE,1210
2021-10-16,TRUE,1210
2021-10-17,TRUE,1210
2021-10-18,FALSE,1211
2021-10-19,FALSE,1212
2021-10-20,FALSE,1213
2021-10-21,FALSE,1214
2021-10-22,FALSE,1215
2021-10-23,TRUE,1215
2021-10-24,TRUE,1215
2021-10-25,FALSE,1216
2021-10-26,FALSE,1217
2021-10-27,FALSE,1218
2021-10-28,FALSE,1219
2021-10-29,FALSE,1220
2021-10-30,TRUE,1220
2021-10-31,TRUE,1220
2021-11-01,FALSE,1221
2021-11-02,FALSE,1222
2021-11-03,FALSE,1223
2021-11-04,FALSE,1224
2021-11-05,FALSE,1225
2021-11-06,TRUE,1225
2021-11-07,TRUE,1225
2021-11-08,FALSE,1226
2021-11-09,FALSE,1227
2021-11-10,FALSE,1228
2021-11-11,FALSE,1229
2021-11-12,FALSE,1230
2021-11-13,TRUE,1230
2021-11-14,TRUE,1230
2021-11-15,FALSE,1231
2021-11-16,FALSE,1232
2021-11-17,FALSE,1233
2021-11-18,FALSE,1234
2021-11-19,FALSE,1235
2021-11-20,TRUE,1235
2021-11-21,TRUE,1235
2021-11-22,FALSE,1236
2021-11-23,FALSE,1237
2021-11-24,FALSE,1238
2021-11-25,TRUE,1238
2021-11-26,FALSE,1239
2021-11-27,TRUE,1239
2021-11-28,TRUE,1239
2021-11-29,FALSE,1240
2021-11-30,FALSE,1241
2021-12-01,FALSE,1242
2021-12-02,FALSE,1243
2021-12-03,FALSE,1244
2021-12-04,TRUE,1244
2021-12-05,TRUE,1244
2021-12-06,FALSE,1245
2021-12-07,FALSE,1246
2021-12-08,FALSE,1247
2021-12-09,FALSE,1248
2021-12-10,FALSE,1249
2021-12-11,TRUE,1249
2021-12-12,TRUE,1249
2021-12-13,FALSE,1250
2021-12-14,FALSE,1251
2021-12-15,FALSE,1252
2021-12-16,FALSE,1253
2021-12-17,FALSE,1254
2021-12-18,TRUE,1254
2021-12-19,TRUE,1254
2021-12-20,FALSE,1255
2021-12-21,FALSE,1256
2021-12-22,FALSE,1257
2021-12-23,FALSE,1258
2021-12-24,TRUE,1258
2021-12-25,TRUE,1258
2021-12-26,TRUE,1258
2021-12-27,FALSE,1259
2021-12-28,FALSE,1260
2021-12-29,FALSE,1261
2021-12-30,FALSE,1262
2021-12-31,FALSE,1263
2022-01-01,TRUE,1263
2022-01-02,TRUE,1263
2022-01-03,FALSE,1264
2022-01-04,FALSE,1265
2022-01-05,FALSE,1266
2022-01-06,FALSE,1267
2022-01-07,FALSE,1268
2022-01-08,TRUE,1268
2022-01-09,TRUE,1268
2022-01-10,FALSE,1269
2022-01-11,FALSE,1270
2022-01-12,FALSE,1271
2022-01-13,FALSE,1272
2022-01-14,FALSE,1273
2022-01-15,TRUE,1273
2022-01-16,TRUE,1273
2022-01-17,TRUE,1273
2022-01-18,FALSE,1274
2022-01-19,FALSE,1275
2022-01-20,FALSE,1276
2022-01-21,FALSE,1277
2022-01-22,TRUE,1277
2022-01-23,TRUE,1277
2022-01-24,FALSE,1278
2022-01-25,FALSE,1279
2022-01-26,FALSE,1280
2022-01-27,FALSE,1281
2022-01-28,FALSE,1282
2022-01-29,TRUE,1282
2022-01-30,TRUE,1282
2022-01-31,FALSE,1283
2022-02-01,FALSE,1284
2022-02-02,FALSE,1285
2022-02-03,FALSE,1286
2022-02-04,FALSE,1287
2022-02-05,TRUE,1287
2022-02-06,TRUE,1287
2022-02-07,FALSE,1288
2022-02-08,FALSE,1289
2022-02-09,FALSE,1290
2022-02-10,FALSE,1291
2022-02-11,FALSE,1292
2022-02-12,TRUE,1292
2022-02-13,TRUE,1292
2022-02-14,FALSE,1293
2022-02-15,FALSE,1294
2022-02-16,FALSE,1295
2022-02-17,FALSE,1296
2022-02-18,FALSE,1297
2022-02-19,TRUE,1297
2022-02-20,TRUE,1297
2022-02-21,TRUE,1297
2022-02-22,FALSE,1298
2022-02-23,FALSE,1299
2022-02-24,FALSE,1300
2022-02-25,FALSE,1301
2022-02-26,TRUE,1301
2022-02-27,TRUE,1301
2022-02-28,FALSE,1302
2022-03-01,FALSE,1303
2022-03-02,FALSE,1304
2022-03-03,FALSE,1305
2022-03-04,FALSE,1306
2022-03-05,TRUE,1306
2022-03-06,TRUE,1306
2022-03-07,FALSE,1307
2022-03-08,FALSE,1308
2022-03-09,FALSE,1309
2022-03-10,FALSE,1310
2022-03-11,FALSE,1311
2022-03-12,TRUE,1311
2022-03-13,TRUE,1311
2022-03-14,FALSE,1312
2022-03-15,FALSE,1313
2022-03-16,FALSE,1314
2022-03-17,FALSE,1315
2022-03-18,FALSE,1316
2022-03-19,TRUE,1316
2022-03-20,TRUE,1316
2022-03-21,FALSE,1317
2022-03-22,FALSE,1318
2022-03-23,FALSE,1319
2022-03-24,FALSE,1320
2022-03-25,FALSE,1321
2022-03-26,TRUE,1321
2022-03-27,TRUE,1321
2022-03-28,FALSE,1322
2022-03-29,FALSE,1323
2022-03-30,FALSE,1324
2022-03-31,FALSE,1325
2022-04-01,FALSE,1326
2022-04-02,TRUE,1326
2022-04-03,TRUE,1326
2022-04-04,FALSE,1327
2022-04-05,FALSE,1328
2022-04-06,FALSE,1329
2022-04-07,FALSE,1330
2022-04-08,FALSE,1331
2022-04-09,TRUE,1331
2022-04-10,TRUE,1331
2022-04-11,FALSE,1332
2022-04-12,FALSE,1333
2022-04-13,FALSE,1334
2022-04-14,FALSE,1335
2022-04-15,TRUE,1335
2022-04-16,TRUE,1335
2022-04-17,TRUE,1335
2022-04-18,FALSE,1336
2022-04-19,FALSE,1337
2022-04-20,FALSE,1338
2022-04-21,FALSE,1339
2022-04-22,FALSE,1340
2022-04-23,TRUE,1340
2022-04-24,TRUE,1340
2022-04-25,FALSE,1341
2022-04-26,FALSE,1342
2022-04-27,FALSE,1343
2022-04-28,FALSE,1344
2022-04-29,FALSE,1345
2022-04-30,TRUE,1345
2022-05-01,TRUE,1345
2022-05-02,FALSE,1346
2022-05-03,FALSE,1347
2022-05-04,FALSE,1348
2022-05-05,FALSE,1349
2022-05-06,FALSE,1350
2022-05-07,TRUE,1350
2022-05-08,TRUE,1350
2022-05-09,FALSE,1351
2022-05-10,FALSE,1352
2022-05-11,FALSE,1353
2022-05-12,FALSE,1354
2022-05-13,FALSE,1355
2022-05-14,TRUE,1355
2022-05-15,TRUE,1355
2022-05-16,FALSE,1356
2022-05-17,FALSE,1357
2022-05-18,FALSE,1358
2022-05-19,FALSE,1359
2022-05-20,FALSE,1360
2022-05-21,TRUE,1360
2022-05-22,TRUE,1360
2022-05-23,FALSE,1361
2022-05-24,FALSE,1362
2022-05-25,FALSE,1363
2022-05-26,FALSE,1364
2022-05-27,FALSE,1365
2022-05-28,TRUE,1365
2022-05-29,TRUE,1365
2022-05-30,TRUE,1365
2022-05-31,FALSE,1366
2022-06-01,FALSE,1367
2022-06-02,FALSE,1368
2022-06-03,FALSE,1369
2022-06-04,TRUE,1369
2022-06-05,TRUE,1369
2022-06-06,FALSE,1370
2022-06-07,FALSE,1371
2022-06-08,FALSE,1372
2022-06-09,FALSE,1373
2022-06-10,FALSE,1374
2022-06-11,TRUE,1374
2022-06-12,TRUE,1374
2022-06-13,FALSE,1375
2022-06-14,FALSE,1376
2022-06-15,FALSE,1377
2022-06-16,FALSE,1378
2022-06-17,FALSE,1379
2022-06-18,TRUE,1379
2022-06-19,TRUE,1379
2022-06-20,FALSE,1380
2022-06-21,FALSE,1381
2022-06-22,FALSE,1382
2022-06-23,FALSE,1383
2022-06-24,FALSE,1384
2022-06-25,TRUE,1384
2022-06-26,TRUE,1384
2022-06-27,FALSE,1385
2022-06-28,FALSE,1386
2022-06-29,FALSE,1387
2022-06-30,FALSE,1388
2022-07-01,FALSE,1389
2022-07-02,TRUE,1389
2022-07-03,TRUE,1389
2022-07-04,TRUE,1389
2022-07-05,FALSE,1390
2022-07-06,FALSE,1391
2022-07-07,FALSE,1392
2022-07-08,FALSE,1393
2022-07-09,TRUE,1393
2022-07-10,TRUE,1393
2022-07-11,FALSE,1394
2022-07-12,FALSE,1395
2022-07-13,FALSE,1396
2022-07-14,FALSE,1397
2022-07-15,FALSE,1398
2022-07-16,TRUE,1398
2022-07-17,TRUE,1398
2022-07-18,FALSE,1399
2022-07-19,FALSE,1400
2022-07-20,FALSE,1401
2022-07-21,FALSE,1402
2022-07-22,FALSE,1403
2022-07-23,TRUE,1403
2022-07-24,TRUE,1403
2022-07-25,FALSE,1404
2022-07-26,FALSE,1405
2022-07-27,FALSE,1406
2022-07-28,FALSE,1407
2022-07-29,FALSE,1408
2022-07-30,TRUE,1408
2022-07-31,TRUE,1408
2022-08-01,FALSE,1409
2022-08-02,FALSE,1410
2022-08-03,FALSE,1411
2022-08-04,FALSE,1412
2022-08-05,FALSE,1413
2022-08-06,TRUE,1413
2022-08-07,TRUE,1413
2022-08-08,FALSE,1414
2022-08-09,FALSE,1415
2022-08-10,FALSE,1416
2022-08-11,FALSE,1417
2022-08-12,FALSE,1418
2022-08-13,TRUE,1418
2022-08-14,TRUE,1418
2022-08-15,FALSE,1419
2022-08-16,FALSE,1420
2022-08-17,FALSE,1421
2022-08-18,FALSE,1422
2022-08-19,FALSE,1423
2022-08-20,TRUE,1423
2022-08-21,TRUE,1423
2022-08-22,FALSE,1424
2022-08-23,FALSE,1425
2022-08-24,FALSE,1426
2022-08-25,FALSE,1427
2022-08-26,FALSE,1428
2022-08-27,TRUE,1428
2022-08-28,TRUE,1428
2022-08-29,FALSE,1429
2022-08-30,FALSE,1430
2022-08-31,FALSE,1431
2022-09-01,FALSE,1432
2022-09-02,FALSE,1433
2022-09-03,TRUE,1433
2022-09-04,TRUE,1433
2022-09-05,TRUE,1433
2022-09-06,FALSE,1434
2022-09-07,FALSE,1435
2022-09-08,FALSE,1436
2022-09-09,FALSE,1437
2022-09-10,TRUE,1437
2022-09-11,TRUE,1437
2022-09-12,FALSE,1438
2022-09-13,FALSE,1439
2022-09-14,FALSE,1440
2022-09-15,FALSE,1441
2022-09-16,FALSE,1442
2022-09-17,TRUE,1442
2022-09-18,TRUE,1442
2022-09-19,FALSE,1443
2022-09-20,FALSE,1444
2022-09-21,FALSE,1445
2022-09-22,FALSE,1446
2022-09-23,FALSE,1447
2022-09-24,TRUE,1447
2022-09-25,TRUE,1447
2022-09-26,FALSE,1448
2022-09-27,FALSE,1449
2022-09-28,FALSE,1450
2022-09-29,FALSE,1451
2022-09-30,FALSE,1452
2022-10-01,TRUE,1452
2022-10-02,TRUE,1452
2022-10-03,FALSE,1453
2022-10-04,FALSE,1454
2022-10-05,FALSE,1455
2022-10-06,FALSE,1456
2022-10-07,FALSE,1457
2022-10-08,TRUE,1457
2022-10-09,TRUE,1457
2022-10-10,FALSE,1458
2022-10-11,FALSE,1459
2022-10-12,FALSE,1460
2022-10-13,FALSE,1461
2022-10-14,FALSE,1462
2022-10-15,TRUE,1462
2022-10-16,TRUE,1462
2022-10-17,FALSE,1463
2022-10-18,FALSE,1464
2022-10-19,FALSE,1465
2022-10-20,FALSE,1466
2022-10-21,FALSE,1467
2022-10-22,TRUE,1467
2022-10-23,TRUE,1467
2022-10-24,FALSE,1468
2022-10-25,FALSE,1469
2022-10-26,FALSE,1470
2022-10-27,FALSE,1471
2022-10-28,FALSE,1472
2022-10-29,TRUE,1472
2022-10-30,TRUE,1472
2022-10-31,FALSE,1473
2022-11-01,FALSE,1474
2022-11-02,FALSE,1475
2022-11-03,FALSE,1476
2022-11-04,FALSE,1477
2022-11-05,TRUE,1477
2022-11-06,TRUE,1477
2022-11-07,FALSE,1478
2022-11-08,FALSE,1479
2022-11-09,FALSE,1480
2022-11-10,FALSE,1481
2022-11-11,FALSE,1482
2022-11-12,TRUE,1482
2022-11-13,TRUE,1482
2022-11-14,FALSE,1483
2022-11-15,FALSE,1484
2022-11-16,FALSE,1485
2022-11-17,FALSE,1486
2022-11-18,FALSE,1487
2022-11-19,TRUE,1487
2022-11-20,TRUE,1487
2022-11-21,FALSE,1488
2022-11-22,FALSE,1489
2022-11-23,FALSE,1490
2022-11-24,TRUE,1490
2022-11-25,FALSE,1491
2022-11-26,TRUE,1491
2022-11-27,TRUE,1491
2022-11-28,FALSE,1492
2022-11-29,FALSE,1493
2022-11-30,FALSE,1494
2022-12-01,FALSE,1495
2022-12-02,FALSE,1496
2022-12-03,TRUE,1496
2022-12-04,TRUE,1496
2022-12-05,FALSE,1497
2022-12-06,FALSE,1498
2022-12-07,FALSE,1499
2022-12-08,FALSE,1500
2022-12-09,FALSE,1501
2022-12-10,TRUE,1501
2022-12-11,TRUE,1501
2022-12-12,FALSE,1502
2022-12-13,FALSE,1503
2022-12-14,FALSE,1504
2022-12-15,FALSE,1505
2022-12-16,FALSE,1506
2022-12-17,TRUE,1506
2022-12-18,TRUE,1506
2022-12-19,FALSE,1507
2022-12-20,FALSE,1508
2022-12-21,FALSE,1509
2022-12-22,FALSE,1510
2022-12-23,FALSE,1511
2022-12-24,TRUE,1511
2022-12-25,TRUE,1511
2022-12-26,TRUE,1511
2022-12-27,FALSE,1512
2022-12-28,FALSE,1513
2022-12-29,FALSE,1514
2022-12-30,FALSE,1515
2022-12-31,TRUE,1515
2023-01-01,TRUE,1515
2023-01-02,TRUE,1515
2023-01-03,FALSE,1516
2023-01-04,FALSE,1517
2023-01-05,FALSE,1518
2023-01-06,FALSE,1519
2023-01-07,TRUE,1519
2023-01-08,TRUE,1519
2023-01-09,FALSE,1520
2023-01-10,FALSE,1521
2023-01-11,FALSE,1522
2023-01-12,FALSE,1523
2023-01-13,FALSE,1524
2023-01-14,TRUE,1524
2023-01-15,TRUE,1524
2023-01-16,TRUE,1524
2023-01-17,FALSE,1525
2023-01-18,FALSE,1526
2023-01-19,FALSE,1527
2023-01-20,FALSE,1528
2023-01-21,TRUE,1528
2023-01-22,TRUE,1528
2023-01-23,FALSE,1529
2023-01-24,FALSE,1530
2023-01-25,FALSE,1531
2023-01-26,FALSE,1532
2023-01-27,FALSE,1533
2023-01-28,TRUE,1533
2023-01-29,TRUE,1533
2023-01-30,FALSE,1534
2023-01-31,FALSE,1535
2023-02-01,FALSE,1536
2023-02-02,FALSE,1537
2023-02-03,FALSE,1538
2023-02-04,TRUE,1538
2023-02-05,TRUE,1538
2023-02-06,FALSE,1539
2023-02-07,FALSE,1540
2023-02-08,FALSE,1541
2023-02-09,FALSE,1542
2023-02-10,FALSE,1543
2023-02-11,TRUE,1543
2023-02-12,TRUE,1543
2023-02-13,FALSE,1544
2023-02-14,FALSE,1545
2023-02-15,FALSE,1546
2023-02-16,FALSE,1547
2023-02-17,FALSE,1548
2023-02-18,TRUE,1548
2023-02-19,TRUE,1548
2023-02-20,TRUE,1548
2023-02-21,FALSE,1549
2023-02-22,FALSE,1550
2023-02-23,FALSE,1551
2023-02-24,FALSE,1552
2023-02-25,TRUE,1552
2023-02-26,TRUE,1552
2023-02-27,FALSE,1553
2023-02-28,FALSE,1554
2023-03-01,FALSE,1555
2023-03-02,FALSE,1556
2023-03-03,FALSE,1557
2023-03-04,TRUE,1557
2023-03-05,TRUE,1557
2023-03-06,FALSE,1558
2023-03-07,FALSE,1559
2023-03-08,FALSE,1560
2023-03-09,FALSE,1561
2023-03-10,FALSE,1562
2023-03-11,TRUE,1562
2023-03-12,TRUE,1562
2023-03-13,FALSE,1563
2023-03-14,FALSE,1564
2023-03-15,FALSE,1565
2023-03-16,FALSE,1566
2023-03-17,FALSE,1567
2023-03-18,TRUE,1567
2023-03-19,TRUE,1567
2023-03-20,FALSE,1568
2023-03-21,FALSE,1569
2023-03-22,FALSE,1570
2023-03-23,FALSE,1571
2023-03-24,FALSE,1572
2023-03-25,TRUE,1572
2023-03-26,TRUE,1572
2023-03-27,FALSE,1573
2023-03-28,FALSE,1574
2023-03-29,FALSE,1575
2023-03-30,FALSE,1576
2023-03-31,FALSE,1577
2023-04-01,TRUE,1577
2023-04-02,TRUE,1577
2023-04-03,FALSE,1578
2023-04-04,FALSE,1579
2023-04-05,FALSE,1580
2023-04-06,FALSE,1581
2023-04-07,TRUE,1581
2023-04-08,TRUE,1581
2023-04-09,TRUE,1581
2023-04-10,FALSE,1582
2023-04-11,FALSE,1583
2023-04-12,FALSE,1584
2023-04-13,FALSE,1585
2023-04-14,FALSE,1586
2023-04-15,TRUE,1586
2023-04-16,TRUE,1586
2023-04-17,FALSE,1587
2023-04-18,FALSE,1588
2023-04-19,FALSE,1589
2023-04-20,FALSE,1590
2023-04-21,FALSE,1591
2023-04-22,TRUE,1591
2023-04-23,TRUE,1591
2023-04-24,FALSE,1592
2023-04-25,FALSE,1593
2023-04-26,FALSE,1594
2023-04-27,FALSE,1595
2023-04-28,FALSE,1596
2023-04-29,TRUE,1596
2023-04-30,TRUE,1596
2023-05-01,FALSE,1597
2023-05-02,FALSE,1598
2023-05-03,FALSE,1599
2023-05-04,FALSE,1600
2023-05-05,FALSE,1601
2023-05-06,TRUE,1601
2023-05-07,TRUE,1601
2023-05-08,FALSE,1602
2023-05-09,FALSE,1603
2023-05-10,FALSE,1604
2023-05-11,FALSE,1605
2023-05-12,FALSE,1606
2023-05-13,TRUE,1606
2023-05-14,TRUE,1606
2023-05-15,FALSE,1607
2023-05-16,FALSE,1608
2023-05-17,FALSE,1609
2023-05-18,FALSE,1610
2023-05-19,FALSE,1611
2023-05-20,TRUE,1611
2023-05-21,TRUE,1611
2023-05-22,FALSE,1612
2023-05-23,FALSE,1613
2023-05-24,FALSE,1614
2023-05-25,FALSE,1615
2023-05-26,FALSE,1616
2023-05-27,TRUE,1616
2023-05-28,TRUE,1616
2023-05-29,TRUE,1616
2023-05-30,FALSE,1617
2023-05-31,FALSE,1618
2023-06-01,FALSE,1619
2023-06-02,FALSE,1620
2023-06-03,TRUE,1620
2023-06-04,TRUE,1620
2023-06-05,FALSE,1621
2023-06-06,FALSE,1622
2023-06-07,FALSE,1623
2023-06-08,FALSE,1624
2023-06-09,FALSE,1625
2023-06-10,TRUE,1625
2023-06-11,TRUE,1625
2023-06-12,FALSE,1626
2023-06-13,FALSE,1627
2023-06-14,FALSE,1628
2023-06-15,FALSE,1629
2023-06-16,FALSE,1630
2023-06-17,TRUE,1630
2023-06-18,TRUE,1630
2023-06-19,FALSE,1631
2023-06-20,FALSE,1632
2023-06-21,FALSE,1633
2023-06-22,FALSE,1634
2023-06-23,FALSE,1635
2023-06-24,TRUE,1635
2023-06-25,TRUE,1635
2023-06-26,FALSE,1636
2023-06-27,FALSE,1637
2023-06-28,FALSE,1638
2023-06-29,FALSE,1639
2023-06-30,FALSE,1640
2023-07-01,TRUE,1640
2023-07-02,TRUE,1640
2023-07-03,FALSE,1641
2023-07-04,TRUE,1641
2023-07-05,FALSE,1642
2023-07-06,FALSE,1643
2023-07-07,FALSE,1644
2023-07-08,TRUE,1644
2023-07-09,TRUE,1644
2023-07-10,FALSE,1645
2023-07-11,FALSE,1646
2023-07-12,FALSE,1647
2023-07-13,FALSE,1648
2023-07-14,FALSE,1649
2023-07-15,TRUE,1649
2023-07-16,TRUE,1649
2023-07-17,FALSE,1650
2023-07-18,FALSE,1651
2023-07-19,FALSE,1652
2023-07-20,FALSE,1653
2023-07-21,FALSE,1654
2023-07-22,TRUE,1654
2023-07-23,TRUE,1654
2023-07-24,FALSE,1655
2023-07-25,FALSE,1656
2023-07-26,FALSE,1657
2023-07-27,FALSE,1658
2023-07-28,FALSE,1659
2023-07-29,TRUE,1659
2023-07-30,TRUE,1659
2023-07-31,FALSE,1660
2023-08-01,FALSE,1661
2023-08-02,FALSE,1662
2023-08-03,FALSE,1663
2023-08-04,FALSE,1664
2023-08-05,TRUE,1664
2023-08-06,TRUE,1664
2023-08-07,FALSE,1665
2023-08-08,FALSE,1666
2023-08-09,FALSE,1667
2023-08-10,FALSE,1668
2023-08-11,FALSE,1669
2023-08-12,TRUE,1669
2023-08-13,TRUE,1669
2023-08-14,FALSE,1670
2023-08-15,FALSE,1671
2023-08-16,FALSE,1672
2023-08-17,FALSE,1673
2023-08-18,FALSE,1674
2023-08-19,TRUE,1674
2023-08-20,TRUE,1674
2023-08-21,FALSE,1675
2023-08-22,FALSE,1676
2023-08-23,FALSE,1677
2023-08-24,FALSE,1678
2023-08-25,FALSE,1679
2023-08-26,TRUE,1679
2023-08-27,TRUE,1679
2023-08-28,FALSE,1680
2023-08-29,FALSE,1681
2023-08-30,FALSE,1682
2023-08-31,FALSE,1683
2023-09-01,FALSE,1684
2023-09-02,TRUE,1684
2023-09-03,TRUE,1684
2023-09-04,TRUE,1684
2023-09-05,FALSE,1685
2023-09-06,FALSE,1686
2023-09-07,FALSE,1687
2023-09-08,FALSE,1688
2023-09-09,TRUE,1688
2023-09-10,TRUE,1688
2023-09-11,FALSE,1689
2023-09-12,FALSE,1690
2023-09-13,FALSE,1691
2023-09-14,FALSE,1692
2023-09-15,FALSE,1693
2023-09-16,TRUE,1693
2023-09-17,TRUE,1693
2023-09-18,FALSE,1694
2023-09-19,FALSE,1695
2023-09-20,FALSE,1696
2023-09-21,FALSE,1697
2023-09-22,FALSE,1698
2023-09-23,TRUE,1698
2023-09-24,TRUE,1698
2023-09-25,FALSE,1699
2023-09-26,FALSE,1700
2023-09-27,FALSE,1701
2023-09-28,FALSE,1702
2023-09-29,FALSE,1703
2023-09-30,TRUE,1703
2023-10-01,TRUE,1703
2023-10-02,FALSE,1704
2023-10-03,FALSE,1705
2023-10-04,FALSE,1706
2023-10-05,FALSE,1707
2023-10-06,FALSE,1708
2023-10-07,TRUE,1708
2023-10-08,TRUE,1708
2023-10-09,FALSE,1709
2023-10-10,FALSE,1710
2023-10-11,FALSE,1711
2023-10-12,FALSE,1712
2023-10-13,FALSE,1713
2023-10-14,TRUE,1713
2023-10-15,TRUE,1713
2023-10-16,FALSE,1714
2023-10-17,FALSE,1715
2023-10-18,FALSE,1716
2023-10-19,FALSE,1717
2023-10-20,FALSE,1718
2023-10-21,TRUE,1718
2023-10-22,TRUE,1718
2023-10-23,FALSE,1719
2023-10-24,FALSE,1720
2023-10-25,FALSE,1721
2023-10-26,FALSE,1722
2023-10-27,FALSE,1723
2023-10-28,TRUE,1723
2023-10-29,TRUE,1723
2023-10-30,FALSE,1724
2023-10-31,FALSE,1725
2023-11-01,FALSE,1726
2023-11-02,FALSE,1727
2023-11-03,FALSE,1728
2023-11-04,TRUE,1728
2023-11-05,TRUE,1728
2023-11-06,FALSE,1729
2023-11-07,FALSE,1730
2023-11-08,FALSE,1731
2023-11-09,FALSE,1732
2023-11-10,FALSE,1733
2023-11-11,TRUE,1733
2023-11-12,TRUE,1733
2023-11-13,FALSE,1734
2023-11-14,FALSE,1735
2023-11-15,FALSE,1736
2023-11-16,FALSE,1737
2023-11-17,FALSE,1738
2023-11-18,TRUE,1738
2023-11-19,TRUE,1738
2023-11-20,FALSE,1739
2023-11-21,FALSE,1740
2023-11-22,FALSE,1741
2023-11-23,TRUE,1741
2023-11-24,FALSE,1742
2023-11-25,TRUE,1742
2023-11-26,TRUE,1742
2023-11-27,FALSE,1743
2023-11-28,FALSE,1744
2023-11-29,FALSE,1745
2023-11-30,FALSE,1746
2023-12-01,FALSE,1747
2023-12-02,TRUE,1747
2023-12-03,TRUE,1747
2023-12-04,FALSE,1748
2023-12-05,FALSE,1749
2023-12-06,FALSE,1750
2023-12-07,FALSE,1751
2023-12-08,FALSE,1752
2023-12-09,TRUE,1752
2023-12-10,TRUE,1752
2023-12-11,FALSE,1753
2023-12-12,FALSE,1754
2023-12-13,FALSE,1755
2023-12-14,FALSE,1756
2023-12-15,FALSE,1757
2023-12-16,TRUE,1757
2023-12-17,TRUE,1757
2023-12-18,FALSE,1758
2023-12-19,FALSE,1759
2023-12-20,FALSE,1760
2023-12-21,FALSE,1761
2023-12-22,FALSE,1762
2023-12-23,TRUE,1762
2023-12-24,TRUE,1762
2023-12-25,TRUE,1762
2023-12-26,FALSE,1763
2023-12-27,FALSE,1764
2023-12-28,FALSE,1765
2023-12-29,FALSE,1766
2023-12-30,TRUE,1766
2023-12-31,TRUE,1766
2024-01-01,TRUE,1766
2024-01-02,FALSE,1767
2024-01-03,FALSE,1768
2024-01-04,FALSE,1769
2024-01-05,FALSE,1770
2024-01-06,TRUE,1770
2024-01-07,TRUE,1770
2024-01-08,FALSE,1771
2024-01-09,FALSE,1772
2024-01-10,FALSE,1773
2024-01-11,FALSE,1774
2024-01-12,FALSE,1775
2024-01-13,TRUE,1775
2024-01-14,TRUE,1775
2024-01-15,TRUE,1775
2024-01-16,FALSE,1776
2024-01-17,FALSE,1777
2024-01-18,FALSE,1778
2024-01-19,FALSE,1779
2024-01-20,TRUE,1779
2024-01-21,TRUE,1779
2024-01-22,FALSE,1780
2024-01-23,FALSE,1781
2024-01-24,FALSE,1782
2024-01-25,FALSE,1783
2024-01-26,FALSE,1784
2024-01-27,TRUE,1784
2024-01-28,TRUE,1784
2024-01-29,FALSE,1785
2024-01-30,FALSE,1786
2024-01-31,FALSE,1787
2024-02-01,FALSE,1788
2024-02-02,FALSE,1789
2024-02-03,TRUE,1789
2024-02-04,TRUE,1789
2024-02-05,FALSE,1790
2024-02-06,FALSE,1791
2024-02-07,FALSE,1792
2024-02-08,FALSE,1793
2024-02-09,FALSE,1794
2024-02-10,TRUE,1794
2024-02-11,TRUE,1794
2024-02-12,FALSE,1795
2024-02-13,FALSE,1796
2024-02-14,FALSE,1797
2024-02-15,FALSE,1798
2024-02-16,FALSE,1799
2024-02-17,TRUE,1799
2024-02-18,TRUE,1799
2024-02-19,TRUE,1799
2024-02-20,FALSE,1800
2024-02-21,FALSE,1801
2024-02-22,FALSE,1802
2024-02-23,FALSE,1803
2024-02-24,TRUE,1803
2024-02-25,TRUE,1803
2024-02-26,FALSE,1804
2024-02-27,FALSE,1805
2024-02-28,FALSE,1806
2024-02-29,FALSE,1807
2024-03-01,FALSE,1808
2024-03-02,TRUE,1808
2024-03-03,TRUE,1808
2024-03-04,FALSE,1809
2024-03-05,FALSE,1810
2024-03-06,FALSE,1811
2024-03-07,FALSE,1812
2024-03-08,FALSE,1813
2024-03-09,TRUE,1813
2024-03-10,TRUE,1813
2024-03-11,FALSE,1814
2024-03-12,FALSE,1815
2024-03-13,FALSE,1816
2024-03-14,FALSE,1817
2024-03-15,FALSE,1818
2024-03-16,TRUE,1818
2024-03-17,TRUE,1818
2024-03-18,FALSE,1819
2024-03-19,FALSE,1820
2024-03-20,FALSE,1821
2024-03-21,FALSE,1822
2024-03-22,FALSE,1823
2024-03-23,TRUE,1823
2024-03-24,TRUE,1823
2024-03-25,FALSE,1824
2024-03-26,FALSE,1825
2024-03-27,FALSE,1826
2024-03-28,FALSE,1827
2024-03-29,TRUE,1827
2024-03-30,TRUE,1827
2024-03-31,TRUE,1827
2024-04-01,FALSE,1828
2024-04-02,FALSE,1829
2024-04-03,FALSE,1830
2024-04-04,FALSE,1831
2024-04-05,FALSE,1832
2024-04-06,TRUE,1832
2024-04-07,TRUE,1832
2024-04-08,FALSE,1833
2024-04-09,FALSE,1834
2024-04-10,FALSE,1835
2024-04-11,FALSE,1836
2024-04-12,FALSE,1837
2024-04-13,TRUE,1837
2024-04-14,TRUE,1837
2024-04-15,FALSE,1838
2024-04-16,FALSE,1839
2024-04-17,FALSE,1840
2024-04-18,FALSE,1841
2024-04-19,FALSE,1842
2024-04-20,TRUE,1842
2024-04-21,TRUE,1842
2024-04-22,FALSE,1843
2024-04-23,FALSE,1844
2024-04-24,FALSE,1845
2024-04-25,FALSE,1846
2024-04-26,FALSE,1847
2024-04-27,TRUE,1847
2024-04-28,TRUE,1847
2024-04-29,FALSE,1848
2024-04-30,FALSE,1849
2024-05-01,FALSE,1850
2024-05-02,FALSE,1851
2024-05-03,FALSE,1852
2024-05-04,TRUE,1852
2024-05-05,TRUE,1852
2024-05-06,FALSE,1853
2024-05-07,FALSE,1854
2024-05-08,FALSE,1855
2024-05-09,FALSE,1856
2024-05-10,FALSE,1857
2024-05-11,TRUE,1857
2024-05-12,TRUE,1857
2024-05-13,FALSE,1858
2024-05-14,FALSE,1859
2024-05-15,FALSE,1860
2024-05-16,FALSE,1861
2024-05-17,FALSE,1862
2024-05-18,TRUE,1862
2024-05-19,TRUE,1862
2024-05-20,FALSE,1863
2024-05-21,FALSE,1864
2024-05-22,FALSE,1865
2024-05-23,FALSE,1866
2024-05-24,FALSE,1867
2024-05-25,TRUE,1867
2024-05-26,TRUE,1867
2024-05-27,TRUE,1867
2024-05-28,FALSE,1868
2024-05-29,FALSE,1869
2024-05-30,FALSE,1870
2024-05-31,FALSE,1871
2024-06-01,TRUE,1871
2024-06-02,TRUE,1871
2024-06-03,FALSE,1872
2024-06-04,FALSE,1873
2024-06-05,FALSE,1874
2024-06-06,FALSE,1875
2024-06-07,FALSE,1876
2024-06-08,TRUE,1876
2024-06-09,TRUE,1876
2024-06-10,FALSE,1877
2024-06-11,FALSE,1878
2024-06-12,FALSE,1879
2024-06-13,FALSE,1880
2024-06-14,FALSE,1881
2024-06-15,TRUE,1881
2024-06-16,TRUE,1881
2024-06-17,FALSE,1882
2024-06-18,FALSE,1883
2024-06-19,FALSE,1884
2024-06-20,FALSE,1885
2024-06-21,FALSE,1886
2024-06-22,TRUE,1886
2024-06-23,TRUE,1886
2024-06-24,FALSE,1887
2024-06-25,FALSE,1888
2024-06-26,FALSE,1889
2024-06-27,FALSE,1890
2024-06-28,FALSE,1891
2024-06-29,TRUE,1891
2024-06-30,TRUE,1891
2024-07-01,FALSE,1892
2024-07-02,FALSE,1893
2024-07-03,FALSE,1894
2024-07-04,TRUE,1894
2024-07-05,FALSE,1895
2024-07-06,TRUE,1895
2024-07-07,TRUE,1895
2024-07-08,FALSE,1896
2024-07-09,FALSE,1897
2024-07-10,FALSE,1898
2024-07-11,FALSE,1899
2024-07-12,FALSE,1900
2024-07-13,TRUE,1900
2024-07-14,TRUE,1900
2024-07-15,FALSE,1901
2024-07-16,FALSE,1902
2024-07-17,FALSE,1903
2024-07-18,FALSE,1904
2024-07-19,FALSE,1905
2024-07-20,TRUE,1905
2024-07-21,TRUE,1905
2024-07-22,FALSE,1906
2024-07-23,FALSE,1907
2024-07-24,FALSE,1908
2024-07-25,FALSE,1909
2024-07-26,FALSE,1910
2024-07-27,TRUE,1910
2024-07-28,TRUE,1910
2024-07-29,FALSE,1911
2024-07-30,FALSE,1912
2024-07-31,FALSE,1913
2024-08-01,FALSE,1914
2024-08-02,FALSE,1915
2024-08-03,TRUE,1915
2024-08-04,TRUE,1915
2024-08-05,FALSE,1916
2024-08-06,FALSE,1917
2024-08-07,FALSE,1918
2024-08-08,FALSE,1919
2024-08-09,FALSE,1920
2024-08-10,TRUE,1920
2024-08-11,TRUE,1920
2024-08-12,FALSE,1921
2024-08-13,FALSE,1922
2024-08-14,FALSE,1923
2024-08-15,FALSE,1924
2024-08-16,FALSE,1925
2024-08-17,TRUE,1925
2024-08-18,TRUE,1925
2024-08-19,FALSE,1926
2024-08-20,FALSE,1927
2024-08-21,FALSE,1928
2024-08-22,FALSE,1929
2024-08-23,FALSE,1930
2024-08-24,TRUE,1930
2024-08-25,TRUE,1930
2024-08-26,FALSE,1931
2024-08-27,FALSE,1932
2024-08-28,FALSE,1933
2024-08-29,FALSE,1934
2024-08-30,FALSE,1935
2024-08-31,TRUE,1935
2024-09-01,TRUE,1935
2024-09-02,TRUE,1935
2024-09-03,FALSE,1936
2024-09-04,FALSE,1937
2024-09-05,FALSE,1938
2024-09-06,FALSE,1939
2024-09-07,TRUE,1939
2024-09-08,TRUE,1939
2024-09-09,FALSE,1940
2024-09-10,FALSE,1941
2024-09-11,FALSE,1942
2024-09-12,FALSE,1943
2024-09-13,FALSE,1944
2024-09-14,TRUE,1944
2024-09-15,TRUE,1944
2024-09-16,FALSE,1945
2024-09-17,FALSE,1946
2024-09-18,FALSE,1947
2024-09-19,FALSE,1948
2024-09-20,FALSE,1949
2024-09-21,TRUE,1949
2024-09-22,TRUE,1949
2024-09-23,FALSE,1950
2024-09-24,FALSE,1951
2024-09-25,FALSE,1952
2024-09-26,FALSE,1953
2024-09-27,FALSE,1954
2024-09-28,TRUE,1954
2024-09-29,TRUE,1954
2024-09-30,FALSE,1955
2024-10-01,FALSE,1956
2024-10-02,FALSE,1957
2024-10-03,FALSE,1958
2024-10-04,FALSE,1959
2024-10-05,TRUE,1959
2024-10-06,TRUE,1959
2024-10-07,FALSE,1960
2024-10-08,FALSE,1961
2024-10-09,FALSE,1962
2024-10-10,FALSE,1963
2024-10-11,FALSE,1964
2024-10-12,TRUE,1964
2024-10-13,TRUE,1964
2024-10-14,FALSE,1965
2024-10-15,FALSE,1966
2024-10-16,FALSE,1967
2024-10-17,FALSE,1968
2024-10-18,FALSE,1969
2024-10-19,TRUE,1969
2024-10-20,TRUE,1969
2024-10-21,FALSE,1970
2024-10-22,FALSE,1971
2024-10-23,FALSE,1972
2024-10-24,FALSE,1973
2024-10-25,FALSE,1974
2024-10-26,TRUE,1974
2024-10-27,TRUE,1974
2024-10-28,FALSE,1975
2024-10-29,FALSE,1976
2024-10-30,FALSE,1977
2024-10-31,FALSE,1978
2024-11-01,FALSE,1979
2024-11-02,TRUE,1979
2024-11-03,TRUE,1979
2024-11-04,FALSE,1980
2024-11-05,FALSE,1981
2024-11-06,FALSE,1982
2024-11-07,FALSE,1983
2024-11-08,FALSE,1984
2024-11-09,TRUE,1984
2024-11-10,TRUE,1984
2024-11-11,FALSE,1985
2024-11-12,FALSE,1986
2024-11-13,FALSE,1987
2024-11-14,FALSE,1988
2024-11-15,FALSE,1989
2024-11-16,TRUE,1989
2024-11-17,TRUE,1989
2024-11-18,FALSE,1990
2024-11-19,FALSE,1991
2024-11-20,FALSE,1992
2024-11-21,FALSE,1993
2024-11-22,FALSE,1994
2024-11-23,TRUE,1994
2024-11-24,TRUE,1994
2024-11-25,FALSE,1995
2024-11-26,FALSE,1996
2024-11-27,FALSE,1997
2024-11-28,TRUE,1997
2024-11-29,FALSE,1998
2024-11-30,TRUE,1998
2024-12-01,TRUE,1998
2024-12-02,FALSE,1999
2024-12-03,FALSE,2000
2024-12-04,FALSE,2001
2024-12-05,FALSE,2002
2024-12-06,FALSE,2003
2024-12-07,TRUE,2003
2024-12-08,TRUE,2003
2024-12-09,FALSE,2004
2024-12-10,FALSE,2005
2024-12-11,FALSE,2006
2024-12-12,FALSE,2007
2024-12-13,FALSE,2008
2024-12-14,TRUE,2008
2024-12-15,TRUE,2008
2024-12-16,FALSE,2009
2024-12-17,FALSE,2010
2024-12-18,FALSE,2011
2024-12-19,FALSE,2012
2024-12-20,FALSE,2013
2024-12-21,TRUE,2013
2024-12-22,TRUE,2013
2024-12-23,FALSE,2014
2024-12-24,FALSE,2015
2024-12-25,TRUE,2015
2024-12-26,FALSE,2016
2024-12-27,FALSE,2017
2024-12-28,TRUE,2017
2024-12-29,TRUE,2017
2024-12-30,FALSE,2018
2024-12-31,FALSE,2019
2025-01-01,TRUE,2019
2025-01-02,FALSE,2020
2025-01-03,FALSE,2021
2025-01-04,TRUE,2021
2025-01-05,TRUE,2021
2025-01-06,FALSE,2022
2025-01-07,FALSE,2023
2025-01-08,FALSE,2024
2025-01-09,FALSE,2025
2025-01-10,FALSE,2026
2025-01-11,TRUE,2026
2025-01-12,TRUE,2026
2025-01-13,FALSE,2027
2025-01-14,FALSE,2028
2025-01-15,FALSE,2029
2025-01-16,FALSE,2030
2025-01-17,FALSE,2031
2025-01-18,TRUE,2031
2025-01-19,TRUE,2031
2025-01-20,TRUE,2031
2025-01-21,FALSE,2032
2025-01-22,FALSE,2033
2025-01-23,FALSE,2034
2025-01-24,FALSE,2035
2025-01-25,TRUE,2035
2025-01-26,TRUE,2035
2025-01-27,FALSE,2036
2025-01-28,FALSE,2037
2025-01-29,FALSE,2038
2025-01-30,FALSE,2039
2025-01-31,FALSE,2040
2025-02-01,TRUE,2040
2025-02-02,TRUE,2040
2025-02-03,FALSE,2041
2025-02-04,FALSE,2042
2025-02-05,FALSE,2043
2025-02-06,FALSE,2044
2025-02-07,FALSE,2045
2025-02-08,TRUE,2045
2025-02-09,TRUE,2045
2025-02-10,FALSE,2046
2025-02-11,FALSE,2047
2025-02-12,FALSE,2048
2025-02-13,FALSE,2049
2025-02-14,FALSE,2050
2025-02-15,TRUE,2050
2025-02-16,TRUE,2050
2025-02-17,TRUE,2050
2025-02-18,FALSE,2051
2025-02-19,FALSE,2052
2025-02-20,FALSE,2053
2025-02-21,FALSE,2054
2025-02-22,TRUE,2054
2025-02-23,TRUE,2054
2025-02-24,FALSE,2055
2025-02-25,FALSE,2056
2025-02-26,FALSE,2057
2025-02-27,FALSE,2058
2025-02-28,FALSE,2059
2025-03-01,TRUE,2059
2025-03-02,TRUE,2059
2025-03-03,FALSE,2060
2025-03-04,FALSE,2061
2025-03-05,FALSE,2062
2025-03-06,FALSE,2063
2025-03-07,FALSE,2064
2025-03-08,TRUE,2064
2025-03-09,TRUE,2064
2025-03-10,FALSE,2065
2025-03-11,FALSE,2066
2025-03-12,FALSE,2067
2025-03-13,FALSE,2068
2025-03-14,FALSE,2069
2025-03-15,TRUE,2069
2025-03-16,TRUE,2069
2025-03-17,FALSE,2070
2025-03-18,FALSE,2071
2025-03-19,FALSE,2072
2025-03-20,FALSE,2073
2025-03-21,FALSE,2074
2025-03-22,TRUE,2074
2025-03-23,TRUE,2074
2025-03-24,FALSE,2075
2025-03-25,FALSE,2076
2025-03-26,FALSE,2077
2025-03-27,FALSE,2078
2025-03-28,FALSE,2079
2025-03-29,TRUE,2079
2025-03-30,TRUE,2079
2025-03-31,FALSE,2080
2025-04-01,FALSE,2081
2025-04-02,FALSE,2082
2025-04-03,FALSE,2083
2025-04-04,FALSE,2084
2025-04-05,TRUE,2084
2025-04-06,TRUE,2084
2025-04-07,FALSE,2085
2025-04-08,FALSE,2086
2025-04-09,FALSE,2087
2025-04-10,FALSE,2088
2025-04-11,FALSE,2089
2025-04-12,TRUE,2089
2025-04-13,TRUE,2089
2025-04-14,FALSE,2090
2025-04-15,FALSE,2091
2025-04-16,FALSE,2092
2025-04-17,FALSE,2093
2025-04-18,TRUE,2093
2025-04-19,TRUE,2093
2025-04-20,TRUE,2093
2025-04-21,FALSE,2094
2025-04-22,FALSE,2095
2025-04-23,FALSE,2096
2025-04-24,FALSE,2097
2025-04-25,FALSE,2098
2025-04-26,TRUE,2098
2025-04-27,TRUE,2098
2025-04-28,FALSE,2099
2025-04-29,FALSE,2100
2025-04-30,FALSE,2101
2025-05-01,FALSE,2102
2025-05-02,FALSE,2103
2025-05-03,TRUE,2103
2025-05-04,TRUE,2103
2025-05-05,FALSE,2104
2025-05-06,FALSE,2105
2025-05-07,FALSE,2106
2025-05-08,FALSE,2107
2025-05-09,FALSE,2108
2025-05-10,TRUE,2108
2025-05-11,TRUE,2108
2025-05-12,FALSE,2109
2025-05-13,FALSE,2110
2025-05-14,FALSE,2111
2025-05-15,FALSE,2112
2025-05-16,FALSE,2113
2025-05-17,TRUE,2113
2025-05-18,TRUE,2113
2025-05-19,FALSE,2114
2025-05-20,FALSE,2115
2025-05-21,FALSE,2116
2025-05-22,FALSE,2117
2025-05-23,FALSE,2118
2025-05-24,TRUE,2118
2025-05-25,TRUE,2118
2025-05-26,TRUE,2118
2025-05-27,FALSE,2119
2025-05-28,FALSE,2120
2025-05-29,FALSE,2121
2025-05-30,FALSE,2122
2025-05-31,TRUE,2122
2025-06-01,TRUE,2122
2025-06-02,FALSE,2123
2025-06-03,FALSE,2124
2025-06-04,FALSE,2125
2025-06-05,FALSE,2126
2025-06-06,FALSE,2127
2025-06-07,TRUE,2127
2025-06-08,TRUE,2127
2025-06-09,FALSE,2128
2025-06-10,FALSE,2129
2025-06-11,FALSE,2130
2025-06-12,FALSE,2131
2025-06-13,FALSE,2132
2025-06-14,TRUE,2132
2025-06-15,TRUE,2132
2025-06-16,FALSE,2133
2025-06-17,FALSE,2134
2025-06-18,FALSE,2135
2025-06-19,FALSE,2136
2025-06-20,FALSE,2137
2025-06-21,TRUE,2137
2025-06-22,TRUE,2137
2025-06-23,FALSE,2138
2025-06-24,FALSE,2139
2025-06-25,FALSE,2140
2025-06-26,FALSE,2141
2025-06-27,FALSE,2142
2025-06-28,TRUE,2142
2025-06-29,TRUE,2142
2025-06-30,FALSE,2143
2025-07-01,FALSE,2144
2025-07-02,FALSE,2145
2025-07-03,FALSE,2146
2025-07-04,TRUE,2146
2025-07-05,TRUE,2146
2025-07-06,TRUE,2146
2025-07-07,FALSE,2147
2025-07-08,FALSE,2148
2025-07-09,FALSE,2149
2025-07-10,FALSE,2150
2025-07-11,FALSE,2151
2025-07-12,TRUE,2151
2025-07-13,TRUE,2151
2025-07-14,FALSE,2152
2025-07-15,FALSE,2153
2025-07-16,FALSE,2154
2025-07-17,FALSE,2155
2025-07-18,FALSE,2156
2025-07-19,TRUE,2156
2025-07-20,TRUE,2156
2025-07-21,FALSE,2157
2025-07-22,FALSE,2158
2025-07-23,FALSE,2159
2025-07-24,FALSE,2160
2025-07-25,FALSE,2161
2025-07-26,TRUE,2161
2025-07-27,TRUE,2161
2025-07-28,FALSE,2162
2025-07-29,FALSE,2163
2025-07-30,FALSE,2164
2025-07-31,FALSE,2165
2025-08-01,FALSE,2166
2025-08-02,TRUE,2166
2025-08-03,TRUE,2166
2025-08-04,FALSE,2167
2025-08-05,FALSE,2168
2025-08-06,FALSE,2169
2025-08-07,FALSE,2170
2025-08-08,FALSE,2171
2025-08-09,TRUE,2171
2025-08-10,TRUE,2171
2025-08-11,FALSE,2172
2025-08-12,FALSE,2173
2025-08-13,FALSE,2174
2025-08-14,FALSE,2175
2025-08-15,FALSE,2176
2025-08-16,TRUE,2176
2025-08-17,TRUE,2176
2025-08-18,FALSE,2177
2025-08-19,FALSE,2178
2025-08-20,FALSE,2179
2025-08-21,FALSE,2180
2025-08-22,FALSE,2181
2025-08-23,TRUE,2181
2025-08-24,TRUE,2181
2025-08-25,FALSE,2182
2025-08-26,FALSE,2183
2025-08-27,FALSE,2184
2025-08-28,FALSE,2185
2025-08-29,FALSE,2186
2025-08-30,TRUE,2186
2025-08-31,TRUE,2186
2025-09-01,TRUE,2186
2025-09-02,FALSE,2187
2025-09-03,FALSE,2188
2025-09-04,FALSE,2189
2025-09-05,FALSE,2190
2025-09-06,TRUE,2190
2025-09-07,TRUE,2190
2025-09-08,FALSE,2191
2025-09-09,FALSE,2192
2025-09-10,FALSE,2193
2025-09-11,FALSE,2194
2025-09-12,FALSE,2195
2025-09-13,TRUE,2195
2025-09-14,TRUE,2195
2025-09-15,FALSE,2196
2025-09-16,FALSE,2197
2025-09-17,FALSE,2198
2025-09-18,FALSE,2199
2025-09-19,FALSE,2200
2025-09-20,TRUE,2200
2025-09-21,TRUE,2200
2025-09-22,FALSE,2201
2025-09-23,FALSE,2202
2025-09-24,FALSE,2203
2025-09-25,FALSE,2204
2025-09-26,FALSE,2205
2025-09-27,TRUE,2205
2025-09-28,TRUE,2205
2025-09-29,FALSE,2206
2025-09-30,FALSE,2207
2025-10-01,FALSE,2208
2025-10-02,FALSE,2209
2025-10-03,FALSE,2210
2025-10-04,TRUE,2210
2025-10-05,TRUE,2210
2025-10-06,FALSE,2211
2025-10-07,FALSE,2212
2025-10-08,FALSE,2213
2025-10-09,FALSE,2214
2025-10-10,FALSE,2215
2025-10-11,TRUE,2215
2025-10-12,TRUE,2215
2025-10-13,FALSE,2216
2025-10-14,FALSE,2217
2025-10-15,FALSE,2218
2025-10-16,FALSE,2219
2025-10-17,FALSE,2220
2025-10-18,TRUE,2220
2025-10-19,TRUE,2220
2025-10-20,FALSE,2221
2025-10-21,FALSE,2222
2025-10-22,FALSE,2223
2025-10-23,FALSE,2224
2025-10-24,FALSE,2225
2025-10-25,TRUE,2225
2025-10-26,TRUE,2225
2025-10-27,FALSE,2226
2025-10-28,FALSE,2227
2025-10-29,FALSE,2228
2025-10-30,FALSE,2229
2025-10-31,FALSE,2230
2025-11-01,TRUE,2230
2025-11-02,TRUE,2230
2025-11-03,FALSE,2231
2025-11-04,FALSE,2232
2025-11-05,FALSE,2233
2025-11-06,FALSE,2234
2025-11-07,FALSE,2235
2025-11-08,TRUE,2235
2025-11-09,TRUE,2235
2025-11-10,FALSE,2236
2025-11-11,FALSE,2237
2025-11-12,FALSE,2238
2025-11-13,FALSE,2239
2025-11-14,FALSE,2240
2025-11-15,TRUE,2240
2025-11-16,TRUE,2240
2025-11-17,FALSE,2241
2025-11-18,FALSE,2242
2025-11-19,FALSE,2243
2025-11-20,FALSE,2244
2025-11-21,FALSE,2245
2025-11-22,TRUE,2245
2025-11-23,TRUE,2245
2025-11-24,FALSE,2246
2025-11-25,FALSE,2247
2025-11-26,FALSE,2248
2025-11-27,TRUE,2248
2025-11-28,FALSE,2249
2025-11-29,TRUE,2249
2025-11-30,TRUE,2249
2025-12-01,FALSE,2250
2025-12-02,FALSE,2251
2025-12-03,FALSE,2252
2025-12-04,FALSE,2253
2025-12-05,FALSE,2254
2025-12-06,TRUE,2254
2025-12-07,TRUE,2254
2025-12-08,FALSE,2255
2025-12-09,FALSE,2256
2025-12-10,FALSE,2257
2025-12-11,FALSE,2258
2025-12-12,FALSE,2259
2025-12-13,TRUE,2259
2025-12-14,TRUE,2259
2025-12-15,FALSE,2260
2025-12-16,FALSE,2261
2025-12-17,FALSE,2262
2025-12-18,FALSE,2263
2025-12-19,FALSE,2264
2025-12-20,TRUE,2264
2025-12-21,TRUE,2264
2025-12-22,FALSE,2265
2025-12-23,FALSE,2266
2025-12-24,FALSE,2267
2025-12-25,TRUE,2267
2025-12-26,FALSE,2268
2025-12-27,TRUE,2268
2025-12-28,TRUE,2268
2025-12-29,FALSE,2269
2025-12-30,FALSE,2270
2025-12-31,FALSE,2271
2026-01-01,TRUE,2271
2026-01-02,FALSE,2272
2026-01-03,TRUE,2272
2026-01-04,TRUE,2272
2026-01-05,FALSE,2273
2026-01-06,FALSE,2274
2026-01-07,FALSE,2275
2026-01-08,FALSE,2276
2026-01-09,FALSE,2277
2026-01-10,TRUE,2277
2026-01-11,TRUE,2277
2026-01-12,FALSE,2278
2026-01-13,FALSE,2279
2026-01-14,FALSE,2280
2026-01-15,FALSE,2281
2026-01-16,FALSE,2282
2026-01-17,TRUE,2282
2026-01-18,TRUE,2282
2026-01-19,TRUE,2282
2026-01-20,FALSE,2283
2026-01-21,FALSE,2284
2026-01-22,FALSE,2285
2026-01-23,FALSE,2286
2026-01-24,TRUE,2286
2026-01-25,TRUE,2286
2026-01-26,FALSE,2287
2026-01-27,FALSE,2288
2026-01-28,FALSE,2289
2026-01-29,FALSE,2290
2026-01-30,FALSE,2291
2026-01-31,TRUE,2291
2026-02-01,TRUE,2291
2026-02-02,FALSE,2292
2026-02-03,FALSE,2293
2026-02-04,FALSE,2294
2026-02-05,FALSE,2295
2026-02-06,FALSE,2296
2026-02-07,TRUE,2296
2026-02-08,TRUE,2296
2026-02-09,FALSE,2297
2026-02-10,FALSE,2298
2026-02-11,FALSE,2299
2026-02-12,FALSE,2300
2026-02-13,FALSE,2301
2026-02-14,TRUE,2301
2026-02-15,TRUE,2301
2026-02-16,TRUE,2301
2026-02-17,FALSE,2302
2026-02-18,FALSE,2303
2026-02-19,FALSE,2304
2026-02-20,FALSE,2305
2026-02-21,TRUE,2305
2026-02-22,TRUE,2305
2026-02-23,FALSE,2306
2026-02-24,FALSE,2307
2026-02-25,FALSE,2308
2026-02-26,FALSE,2309
2026-02-27,FALSE,2310
2026-02-28,TRUE,2310
2026-03-01,TRUE,2310
2026-03-02,FALSE,2311
2026-03-03,FALSE,2312
2026-03-04,FALSE,2313
2026-03-05,FALSE,2314
2026-03-06,FALSE,2315
2026-03-07,TRUE,2315
2026-03-08,TRUE,2315
2026-03-09,FALSE,2316
2026-03-10,FALSE,2317
2026-03-11,FALSE,2318
2026-03-12,FALSE,2319
2026-03-13,FALSE,2320
2026-03-14,TRUE,2320
2026-03-15,TRUE,2320
2026-03-16,FALSE,2321
2026-03-17,FALSE,2322
2026-03-18,FALSE,2323
2026-03-19,FALSE,2324
2026-03-20,FALSE,2325
2026-03-21,TRUE,2325
2026-03-22,TRUE,2325
2026-03-23,FALSE,2326
2026-03-24,FALSE,2327
2026-03-25,FALSE,2328
2026-03-26,FALSE,2329
2026-03-27,FALSE,2330
2026-03-28,TRUE,2330
2026-03-29,TRUE,2330
2026-03-30,FALSE,2331
2026-03-31,FALSE,2332
2026-04-01,FALSE,2333
2026-04-02,FALSE,2334
2026-04-03,TRUE,2334
2026-04-04,TRUE,2334
2026-04-05,TRUE,2334
2026-04-06,FALSE,2335
2026-04-07,FALSE,2336
2026-04-08,FALSE,2337
2026-04-09,FALSE,2338
2026-04-10,FALSE,2339
2026-04-11,TRUE,2339
2026-04-12,TRUE,2339
2026-04-13,FALSE,2340
2026-04-14,FALSE,2341
2026-04-15,FALSE,2342
2026-04-16,FALSE,2343
2026-04-17,FALSE,2344
2026-04-18,TRUE,2344
2026-04-19,TRUE,2344
2026-04-20,FALSE,2345
2026-04-21,FALSE,2346
2026-04-22,FALSE,2347
2026-04-23,FALSE,2348
2026-04-24,FALSE,2349
2026-04-25,TRUE,2349
2026-04-26,TRUE,2349
2026-04-27,FALSE,2350
2026-04-28,FALSE,2351
2026-04-29,FALSE,2352
2026-04-30,FALSE,2353
2026-05-01,FALSE,2354
2026-05-02,TRUE,2354
2026-05-03,TRUE,2354
2026-05-04,FALSE,2355
2026-05-05,FALSE,2356
2026-05-06,FALSE,2357
2026-05-07,FALSE,2358
2026-05-08,FALSE,2359
2026-05-09,TRUE,2359
2026-05-10,TRUE,2359
2026-05-11,FALSE,2360
2026-05-12,FALSE,2361
2026-05-13,FALSE,2362
2026-05-14,FALSE,2363
2026-05-15,FALSE,2364
2026-05-16,TRUE,2364
2026-05-17,TRUE,2364
2026-05-18,FALSE,2365
2026-05-19,FALSE,2366
2026-05-20,FALSE,2367
2026-05-21,FALSE,2368
2026-05-22,FALSE,2369
2026-05-23,TRUE,2369
2026-05-24,TRUE,2369
2026-05-25,TRUE,2369
2026-05-26,FALSE,2370
2026-05-27,FALSE,2371
2026-05-28,FALSE,2372
2026-05-29,FALSE,2373
2026-05-30,TRUE,2373
2026-05-31,TRUE,2373
2026-06-01,FALSE,2374
2026-06-02,FALSE,2375
2026-06-03,FALSE,2376
2026-06-04,FALSE,2377
2026-06-05,FALSE,2378
2026-06-06,TRUE,2378
2026-06-07,TRUE,2378
2026-06-08,FALSE,2379
2026-06-09,FALSE,2380
2026-06-10,FALSE,2381
2026-06-11,FALSE,2382
2026-06-12,FALSE,2383
2026-06-13,TRUE,2383
2026-06-14,TRUE,2383
2026-06-15,FALSE,2384
2026-06-16,FALSE,2385
2026-06-17,FALSE,2386
2026-06-18,FALSE,2387
2026-06-19,FALSE,2388
2026-06-20,TRUE,2388
2026-06-21,TRUE,2388
2026-06-22,FALSE,2389
2026-06-23,FALSE,2390
2026-06-24,FALSE,2391
2026-06-25,FALSE,2392
2026-06-26,FALSE,2393
2026-06-27,TRUE,2393
2026-06-28,TRUE,2393
2026-06-29,FALSE,2394
2026-06-30,FALSE,2395
2026-07-01,FALSE,2396
2026-07-02,FALSE,2397
2026-07-03,TRUE,2397
2026-07-04,TRUE,2397
2026-07-05,TRUE,2397
2026-07-06,FALSE,2398
2026-07-07,FALSE,2399
2026-07-08,FALSE,2400
2026-07-09,FALSE,2401
2026-07-10,FALSE,2402
2026-07-11,TRUE,2402
2026-07-12,TRUE,2402
2026-07-13,FALSE,2403
2026-07-14,FALSE,2404
2026-07-15,FALSE,2405
2026-07-16,FALSE,2406
2026-07-17,FALSE,2407
2026-07-18,TRUE,2407
2026-07-19,TRUE,2407
2026-07-20,FALSE,2408
2026-07-21,FALSE,2409
2026-07-22,FALSE,2410
2026-07-23,FALSE,2411
2026-07-24,FALSE,2412
2026-07-25,TRUE,2412
2026-07-26,TRUE,2412
2026-07-27,FALSE,2413
2026-07-28,FALSE,2414
2026-07-29,FALSE,2415
2026-07-30,FALSE,2416
2026-07-31,FALSE,2417
2026-08-01,TRUE,2417
2026-08-02,TRUE,2417
2026-08-03,FALSE,2418
2026-08-04,FALSE,2419
2026-08-05,FALSE,2420
2026-08-06,FALSE,2421
2026-08-07,FALSE,2422
2026-08-08,TRUE,2422
2026-08-09,TRUE,2422
2026-08-10,FALSE,2423
2026-08-11,FALSE,2424
2026-08-12,FALSE,2425
2026-08-13,FALSE,2426
2026-08-14,FALSE,2427
2026-08-15,TRUE,2427
2026-08-16,TRUE,2427
2026-08-17,FALSE,2428
2026-08-18,FALSE,2429
2026-08-19,FALSE,2430
2026-08-20,FALSE,2431
2026-08-21,FALSE,2432
2026-08-22,TRUE,2432
2026-08-23,TRUE,2432
2026-08-24,FALSE,2433
2026-08-25,FALSE,2434
2026-08-26,FALSE,2435
2026-08-27,FALSE,2436
2026-08-28,FALSE,2437
2026-08-29,TRUE,2437
2026-08-30,TRUE,2437
2026-08-31,FALSE,2438
2026-09-01,FALSE,2439
2026-09-02,FALSE,2440
2026-09-03,FALSE,2441
2026-09-04,FALSE,2442
2026-09-05,TRUE,2442
2026-09-06,TRUE,2442
2026-09-07,TRUE,2442
2026-09-08,FALSE,2443
2026-09-09,FALSE,2444
2026-09-10,FALSE,2445
2026-09-11,FALSE,2446
2026-09-12,TRUE,2446
2026-09-13,TRUE,2446
2026-09-14,FALSE,2447
2026-09-15,FALSE,2448
2026-09-16,FALSE,2449
2026-09-17,FALSE,2450
2026-09-18,FALSE,2451
2026-09-19,TRUE,2451
2026-09-20,TRUE,2451
2026-09-21,FALSE,2452
2026-09-22,FALSE,2453
2026-09-23,FALSE,2454
2026-09-24,FALSE,2455
2026-09-25,FALSE,2456
2026-09-26,TRUE,2456
2026-09-27,TRUE,2456
2026-09-28,FALSE,2457
2026-09-29,FALSE,2458
2026-09-30,FALSE,2459
2026-10-01,FALSE,2460
2026-10-02,FALSE,2461
2026-10-03,TRUE,2461
2026-10-04,TRUE,2461
2026-10-05,FALSE,2462
2026-10-06,FALSE,2463
2026-10-07,FALSE,2464
2026-10-08,FALSE,2465
2026-10-09,FALSE,2466
2026-10-10,TRUE,2466
2026-10-11,TRUE,2466
2026-10-12,FALSE,2467
2026-10-13,FALSE,2468
2026-10-14,FALSE,2469
2026-10-15,FALSE,2470
2026-10-16,FALSE,2471
2026-10-17,TRUE,2471
2026-10-18,TRUE,2471
2026-10-19,FALSE,2472
2026-10-20,FALSE,2473
2026-10-21,FALSE,2474
2026-10-22,FALSE,2475
2026-10-23,FALSE,2476
2026-10-24,TRUE,2476
2026-10-25,TRUE,2476
2026-10-26,FALSE,2477
2026-10-27,FALSE,2478
2026-10-28,FALSE,2479
2026-10-29,FALSE,2480
2026-10-30,FALSE,2481
2026-10-31,TRUE,2481
2026-11-01,TRUE,2481
2026-11-02,FALSE,2482
2026-11-03,FALSE,2483
2026-11-04,FALSE,2484
2026-11-05,FALSE,2485
2026-11-06,FALSE,2486
2026-11-07,TRUE,2486
2026-11-08,TRUE,2486
2026-11-09,FALSE,2487
2026-11-10,FALSE,2488
2026-11-11,FALSE,2489
2026-11-12,FALSE,2490
2026-11-13,FALSE,2491
2026-11-14,TRUE,2491
2026-11-15,TRUE,2491
2026-11-16,FALSE,2492
2026-11-17,FALSE,2493
2026-11-18,FALSE,2494
2026-11-19,FALSE,2495
2026-11-20,FALSE,2496
2026-11-21,TRUE,2496
2026-11-22,TRUE,2496
2026-11-23,FALSE,2497
2026-11-24,FALSE,2498
2026-11-25,FALSE,2499
2026-11-26,TRUE,2499
2026-11-27,FALSE,2500
2026-11-28,TRUE,2500
2026-11-29,TRUE,2500
2026-11-30,FALSE,2501
2026-12-01,FALSE,2502
2026-12-02,FALSE,2503
2026-12-03,FALSE,2504
2026-12-04,FALSE,2505
2026-12-05,TRUE,2505
2026-12-06,TRUE,2505
2026-12-07,FALSE,2506
2026-12-08,FALSE,2507
2026-12-09,FALSE,2508
2026-12-10,FALSE,2509
2026-12-11,FALSE,2510
2026-12-12,TRUE,2510
2026-12-13,TRUE,2510
2026-12-14,FALSE,2511
2026-12-15,FALSE,2512
2026-12-16,FALSE,2513
2026-12-17,FALSE,2514
2026-12-18,FALSE,2515
2026-12-19,TRUE,2515
2026-12-20,TRUE,2515
2026-12-21,FALSE,2516
2026-12-22,FALSE,2517
2026-12-23,FALSE,2518
2026-12-24,FALSE,2519
2026-12-25,TRUE,2519
2026-12-26,TRUE,2519
2026-12-27,TRUE,2519
2026-12-28,FALSE,2520
2026-12-29,FALSE,2521
2026-12-30,FALSE,2522
2026-12-31,FALSE,2523
