time,o,h,l,c,volume
2025-12-15 00:00:00+00:00,0.58016,0.58041,0.57978,0.5804,1930
2025-12-15 01:00:00+00:00,0.58038,0.58088,0.58013,0.58081,3392
2025-12-15 02:00:00+00:00,0.58078,0.5808,0.57746,0.5781,5921
2025-12-15 03:00:00+00:00,0.5781,0.57845,0.57676,0.57702,3523
2025-12-15 04:00:00+00:00,0.57702,0.57756,0.57656,0.5775,2363
2025-12-15 05:00:00+00:00,0.57751,0.57822,0.5775,0.57812,2322
2025-12-15 06:00:00+00:00,0.57811,0.57854,0.5777,0.5785,2705
2025-12-15 07:00:00+00:00,0.5785,0.5788,0.57828,0.5783,3121
2025-12-15 08:00:00+00:00,0.57832,0.57868,0.57785,0.57792,3301
2025-12-15 09:00:00+00:00,0.57792,0.57868,0.57784,0.57862,2570
2025-12-15 10:00:00+00:00,0.57858,0.57869,0.57803,0.57856,2770
2025-12-15 11:00:00+00:00,0.57856,0.57955,0.57851,0.57932,1877
2025-12-15 12:00:00+00:00,0.5793,0.57975,0.57929,0.57942,1881
2025-12-15 13:00:00+00:00,0.57943,0.5799,0.57917,0.57917,2316
2025-12-15 14:00:00+00:00,0.57914,0.58028,0.57892,0.57971,4252
2025-12-15 15:00:00+00:00,0.5797,0.5803,0.5792,0.58022,6102
2025-12-15 16:00:00+00:00,0.58023,0.5803,0.579,0.57936,4239
2025-12-15 17:00:00+00:00,0.57935,0.57948,0.57866,0.57872,3399
2025-12-15 18:00:00+00:00,0.57872,0.57908,0.57828,0.57862,1809
2025-12-15 19:00:00+00:00,0.57862,0.57882,0.57835,0.57878,1275
2025-12-15 20:00:00+00:00,0.57877,0.57878,0.57842,0.57847,771
2025-12-15 21:00:00+00:00,0.57845,0.57865,0.57825,0.5783,702
2025-12-15 22:00:00+00:00,0.57808,0.57828,0.57788,0.5781,1485
2025-12-15 23:00:00+00:00,0.57812,0.57894,0.57806,0.57856,1345
2025-12-16 00:00:00+00:00,0.57856,0.57872,0.57712,0.57722,2848
2025-12-16 01:00:00+00:00,0.57722,0.57735,0.57582,0.5765,4269
2025-12-16 02:00:00+00:00,0.5765,0.57699,0.57636,0.57682,3852
2025-12-16 03:00:00+00:00,0.5768,0.57772,0.57672,0.57768,2516
2025-12-16 04:00:00+00:00,0.57768,0.57818,0.57755,0.57792,2155
2025-12-16 05:00:00+00:00,0.5779,0.57816,0.5776,0.57775,2263
2025-12-16 06:00:00+00:00,0.57774,0.57856,0.57754,0.57844,2148
2025-12-16 07:00:00+00:00,0.57844,0.5787,0.57822,0.5785,1628
2025-12-16 08:00:00+00:00,0.57852,0.57914,0.5785,0.57876,2333
2025-12-16 09:00:00+00:00,0.57878,0.57891,0.57831,0.57833,2304
2025-12-16 10:00:00+00:00,0.57832,0.57863,0.57816,0.57832,2450
2025-12-16 11:00:00+00:00,0.5783,0.57854,0.57807,0.57854,1492
2025-12-16 12:00:00+00:00,0.57854,0.57862,0.5779,0.57851,2175
2025-12-16 13:00:00+00:00,0.57854,0.58074,0.5777,0.57924,9063
2025-12-16 14:00:00+00:00,0.57922,0.58061,0.5789,0.58042,8150
2025-12-16 15:00:00+00:00,0.58044,0.58048,0.57854,0.57924,7128
2025-12-16 16:00:00+00:00,0.57922,0.57942,0.5788,0.57926,4529
2025-12-16 17:00:00+00:00,0.57928,0.57988,0.5788,0.57892,3235
2025-12-16 18:00:00+00:00,0.57892,0.57892,0.57798,0.57872,2034
2025-12-16 19:00:00+00:00,0.5787,0.57909,0.57726,0.57884,3237
2025-12-16 20:00:00+00:00,0.57884,0.57923,0.5786,0.5788,1402
2025-12-16 21:00:00+00:00,0.57882,0.57882,0.57816,0.57834,810
2025-12-16 22:00:00+00:00,0.57826,0.57836,0.57798,0.57812,725
2025-12-16 23:00:00+00:00,0.5781,0.5787,0.5781,0.5784,726
2025-12-17 00:00:00+00:00,0.5784,0.5784,0.57761,0.57799,2242
2025-12-17 01:00:00+00:00,0.578,0.57889,0.57774,0.5788,3653
2025-12-17 02:00:00+00:00,0.57882,0.57885,0.57714,0.5782,4173
2025-12-17 03:00:00+00:00,0.5782,0.57884,0.57796,0.57874,2444
2025-12-17 04:00:00+00:00,0.57875,0.57875,0.5775,0.5775,2341
2025-12-17 05:00:00+00:00,0.57752,0.57763,0.57722,0.57756,2333
2025-12-17 06:00:00+00:00,0.57756,0.57771,0.57692,0.57711,2834
2025-12-17 07:00:00+00:00,0.5771,0.57736,0.57673,0.5772,4362
2025-12-17 08:00:00+00:00,0.57718,0.57778,0.57686,0.5777,2922
2025-12-17 09:00:00+00:00,0.5777,0.5779,0.57705,0.57705,2953
2025-12-17 10:00:00+00:00,0.57705,0.57782,0.57691,0.57774,2364
2025-12-17 11:00:00+00:00,0.57774,0.57805,0.577,0.57734,2277
2025-12-17 12:00:00+00:00,0.57735,0.57802,0.57735,0.57798,2241
2025-12-17 13:00:00+00:00,0.578,0.57805,0.57719,0.57793,3630
2025-12-17 14:00:00+00:00,0.57792,0.5788,0.57768,0.57855,4722
2025-12-17 15:00:00+00:00,0.57854,0.57943,0.57794,0.57836,5398
2025-12-17 16:00:00+00:00,0.57836,0.579,0.57737,0.57758,5188
2025-12-17 17:00:00+00:00,0.57758,0.57796,0.57742,0.57764,3434
2025-12-17 18:00:00+00:00,0.57764,0.57821,0.5772,0.57733,1840
2025-12-17 19:00:00+00:00,0.57734,0.57788,0.57731,0.5776,2043
2025-12-17 20:00:00+00:00,0.57759,0.5782,0.57752,0.5776,2026
2025-12-17 21:00:00+00:00,0.5776,0.57844,0.57738,0.57739,1458
2025-12-17 22:00:00+00:00,0.57736,0.5779,0.57704,0.57706,2012
2025-12-17 23:00:00+00:00,0.57707,0.57734,0.57689,0.57691,1107
2025-12-18 00:00:00+00:00,0.57694,0.5771,0.57628,0.57668,2098
2025-12-18 01:00:00+00:00,0.57667,0.57704,0.57608,0.57646,3184
2025-12-18 02:00:00+00:00,0.57648,0.57707,0.57635,0.57652,3015
2025-12-18 03:00:00+00:00,0.57651,0.57676,0.57546,0.5756,2003
2025-12-18 04:00:00+00:00,0.57559,0.57612,0.57558,0.57612,1467
2025-12-18 05:00:00+00:00,0.57615,0.5766,0.57606,0.57644,2108
2025-12-18 06:00:00+00:00,0.57644,0.57655,0.57585,0.5762,2293
2025-12-18 07:00:00+00:00,0.57618,0.57682,0.57617,0.5764,3289
2025-12-18 08:00:00+00:00,0.57639,0.57666,0.57603,0.5764,2957
2025-12-18 09:00:00+00:00,0.5764,0.57648,0.57586,0.57635,2935
2025-12-18 10:00:00+00:00,0.57634,0.57688,0.5763,0.5767,1806
2025-12-18 11:00:00+00:00,0.57669,0.57681,0.57646,0.57664,1701
2025-12-18 12:00:00+00:00,0.57662,0.57704,0.5761,0.57638,2969
2025-12-18 13:00:00+00:00,0.5764,0.57884,0.57623,0.57798,7257
2025-12-18 14:00:00+00:00,0.57796,0.57875,0.57748,0.57786,7004
2025-12-18 15:00:00+00:00,0.57786,0.57822,0.57696,0.57779,5679
2025-12-18 16:00:00+00:00,0.57778,0.57872,0.57771,0.57792,4269
2025-12-18 17:00:00+00:00,0.57792,0.57799,0.57664,0.57735,4908
2025-12-18 18:00:00+00:00,0.57735,0.5777,0.57712,0.57742,1858
2025-12-18 19:00:00+00:00,0.57742,0.57754,0.57716,0.57726,2546
2025-12-18 20:00:00+00:00,0.57722,0.57751,0.5771,0.57724,1207
2025-12-18 21:00:00+00:00,0.57722,0.5776,0.57722,0.57756,629
2025-12-18 22:00:00+00:00,0.5772,0.57748,0.57706,0.5773,733
2025-12-18 23:00:00+00:00,0.57728,0.57774,0.57726,0.5775,727
2025-12-19 00:00:00+00:00,0.57749,0.57826,0.57706,0.57807,2661
2025-12-19 01:00:00+00:00,0.57809,0.57834,0.57709,0.57724,3099
2025-12-19 02:00:00+00:00,0.57722,0.57756,0.57664,0.57678,2384
2025-12-19 03:00:00+00:00,0.5768,0.57698,0.57644,0.57648,3231
2025-12-19 04:00:00+00:00,0.57648,0.5766,0.57594,0.57621,1596
2025-12-19 05:00:00+00:00,0.57621,0.57626,0.57584,0.57586,1585
2025-12-19 06:00:00+00:00,0.57586,0.57637,0.57561,0.576,2614
2025-12-19 07:00:00+00:00,0.576,0.57622,0.57449,0.57472,3452
2025-12-19 08:00:00+00:00,0.57471,0.5753,0.57454,0.57494,2947
2025-12-19 09:00:00+00:00,0.57494,0.57522,0.57454,0.57488,2591
2025-12-19 10:00:00+00:00,0.57487,0.57508,0.57461,0.57502,2551
2025-12-19 11:00:00+00:00,0.575,0.57504,0.57435,0.57458,1977
2025-12-19 12:00:00+00:00,0.57456,0.57462,0.57412,0.57412,1965
2025-12-19 13:00:00+00:00,0.57414,0.57454,0.5736,0.57452,2751
2025-12-19 14:00:00+00:00,0.57454,0.5758,0.57446,0.57568,4836
2025-12-19 15:00:00+00:00,0.57564,0.57601,0.57483,0.57522,4365
2025-12-19 16:00:00+00:00,0.57522,0.57601,0.57515,0.5759,3267
2025-12-19 17:00:00+00:00,0.5759,0.5761,0.57556,0.57594,2263
2025-12-19 18:00:00+00:00,0.57594,0.57657,0.57592,0.57615,1663
2025-12-19 19:00:00+00:00,0.57614,0.57648,0.57606,0.57644,1244
2025-12-19 20:00:00+00:00,0.57642,0.57654,0.57558,0.57581,739
2025-12-19 21:00:00+00:00,0.57582,0.57592,0.57531,0.57558,1533
2025-12-21 22:00:00+00:00,0.57539,0.57545,0.57464,0.57503,1013
2025-12-21 23:00:00+00:00,0.57503,0.57574,0.57503,0.57562,3972
2025-12-22 00:00:00+00:00,0.57564,0.57648,0.57564,0.57644,4664
2025-12-22 01:00:00+00:00,0.57644,0.57696,0.576,0.57628,5679
2025-12-22 02:00:00+00:00,0.5763,0.57704,0.57626,0.57694,1222
2025-12-22 03:00:00+00:00,0.57694,0.57716,0.57654,0.57662,2156
2025-12-22 04:00:00+00:00,0.5766,0.57714,0.57658,0.57702,1260
2025-12-22 05:00:00+00:00,0.57703,0.57712,0.57676,0.5769,1831
2025-12-22 06:00:00+00:00,0.5769,0.57706,0.57668,0.57692,1760
2025-12-22 07:00:00+00:00,0.57691,0.57836,0.5769,0.57788,2398
2025-12-22 08:00:00+00:00,0.57783,0.5785,0.57774,0.57844,2158
2025-12-22 09:00:00+00:00,0.57843,0.5785,0.5779,0.57828,2003
2025-12-22 10:00:00+00:00,0.57827,0.57866,0.57824,0.57841,2092
2025-12-22 11:00:00+00:00,0.57842,0.57886,0.57829,0.57885,2109
2025-12-22 12:00:00+00:00,0.57886,0.57897,0.57854,0.5789,2247
2025-12-22 13:00:00+00:00,0.57892,0.57926,0.5788,0.57888,2673
2025-12-22 14:00:00+00:00,0.5789,0.57982,0.57852,0.57968,3643
2025-12-22 15:00:00+00:00,0.57969,0.58,0.5794,0.57944,3839
2025-12-22 16:00:00+00:00,0.57944,0.5798,0.5793,0.57964,3176
2025-12-22 17:00:00+00:00,0.57964,0.58016,0.57954,0.5798,2421
2025-12-22 18:00:00+00:00,0.5798,0.57982,0.57924,0.57945,1168
2025-12-22 19:00:00+00:00,0.57944,0.57948,0.5792,0.57942,1262
2025-12-22 20:00:00+00:00,0.5794,0.5797,0.57924,0.57936,1178
2025-12-22 21:00:00+00:00,0.57936,0.57961,0.57934,0.57952,726
2025-12-22 22:00:00+00:00,0.57901,0.57956,0.57878,0.5794,759
2025-12-22 23:00:00+00:00,0.57938,0.57978,0.57934,0.57956,833
2025-12-23 00:00:00+00:00,0.57956,0.58078,0.57948,0.58028,1961
2025-12-23 01:00:00+00:00,0.58028,0.58098,0.58006,0.5807,2452
2025-12-23 02:00:00+00:00,0.58073,0.58169,0.58072,0.58158,2452
2025-12-23 03:00:00+00:00,0.58159,0.58167,0.58104,0.58136,2218
2025-12-23 04:00:00+00:00,0.58137,0.58168,0.58126,0.58144,2230
2025-12-23 05:00:00+00:00,0.58141,0.58162,0.58106,0.58122,2473
2025-12-23 06:00:00+00:00,0.58124,0.58156,0.5808,0.58111,2155
2025-12-23 07:00:00+00:00,0.58112,0.58227,0.58099,0.58202,2948
2025-12-23 08:00:00+00:00,0.58203,0.58328,0.58196,0.58316,3000
2025-12-23 09:00:00+00:00,0.58318,0.58381,0.58304,0.5838,3094
2025-12-23 10:00:00+00:00,0.58381,0.58412,0.58373,0.584,1743
2025-12-23 11:00:00+00:00,0.58398,0.58415,0.5837,0.58373,1844
2025-12-23 12:00:00+00:00,0.58371,0.58422,0.58367,0.58386,2872
2025-12-23 13:00:00+00:00,0.58386,0.58434,0.5828,0.58286,4954
2025-12-23 14:00:00+00:00,0.58284,0.5831,0.58198,0.58232,6078
2025-12-23 15:00:00+00:00,0.58233,0.58311,0.58208,0.58298,5549
2025-12-23 16:00:00+00:00,0.58298,0.58336,0.58285,0.58308,3756
2025-12-23 17:00:00+00:00,0.58308,0.58338,0.58286,0.58289,1950
2025-12-23 18:00:00+00:00,0.58289,0.58354,0.58285,0.58354,1595
2025-12-23 19:00:00+00:00,0.58354,0.58404,0.58352,0.58392,1376
2025-12-23 20:00:00+00:00,0.58389,0.58396,0.58368,0.58385,1023
2025-12-23 21:00:00+00:00,0.58387,0.58428,0.58382,0.58413,648
2025-12-23 22:00:00+00:00,0.58382,0.58411,0.58372,0.584,1009
2025-12-23 23:00:00+00:00,0.58396,0.58432,0.58392,0.58431,1130
2025-12-24 00:00:00+00:00,0.58432,0.58448,0.58372,0.58406,2170
2025-12-24 01:00:00+00:00,0.58405,0.58488,0.58362,0.58488,3032
2025-12-24 02:00:00+00:00,0.58488,0.58534,0.58476,0.58478,2035
2025-12-24 03:00:00+00:00,0.58481,0.58486,0.584,0.58404,2209
2025-12-24 04:00:00+00:00,0.58403,0.58428,0.58392,0.58404,1183
2025-12-24 05:00:00+00:00,0.58404,0.58454,0.58401,0.58447,1464
2025-12-24 06:00:00+00:00,0.58444,0.58477,0.58433,0.5846,1722
2025-12-24 07:00:00+00:00,0.58461,0.58481,0.58412,0.58438,2480
2025-12-24 08:00:00+00:00,0.58439,0.5847,0.58385,0.58464,3248
2025-12-24 09:00:00+00:00,0.58465,0.58478,0.58423,0.58465,2563
2025-12-24 10:00:00+00:00,0.58464,0.5847,0.58428,0.5846,1809
2025-12-24 11:00:00+00:00,0.5846,0.58467,0.58424,0.58424,1786
2025-12-24 12:00:00+00:00,0.58424,0.58459,0.58354,0.58368,2333
2025-12-24 13:00:00+00:00,0.58368,0.5839,0.58337,0.58368,3475
2025-12-24 14:00:00+00:00,0.58366,0.58398,0.58334,0.58372,3429
2025-12-24 15:00:00+00:00,0.58369,0.58426,0.58329,0.58364,3813
2025-12-24 16:00:00+00:00,0.58363,0.5841,0.58324,0.58349,3418
2025-12-24 17:00:00+00:00,0.5835,0.58371,0.58324,0.58332,2120
2025-12-24 18:00:00+00:00,0.58332,0.58368,0.58307,0.58364,3830
2025-12-24 19:00:00+00:00,0.58362,0.58367,0.58348,0.58358,1065
2025-12-24 20:00:00+00:00,0.58358,0.5836,0.58346,0.58348,2342
2025-12-24 21:00:00+00:00,0.58346,0.58361,0.58344,0.58348,2147
2025-12-25 22:00:00+00:00,0.58391,0.58413,0.5837,0.58392,151
2025-12-25 23:00:00+00:00,0.5838,0.584,0.58313,0.58357,5208
2025-12-26 00:00:00+00:00,0.58356,0.58396,0.58334,0.58344,1713
2025-12-26 01:00:00+00:00,0.58348,0.5842,0.58344,0.58349,2114
2025-12-26 02:00:00+00:00,0.5835,0.58406,0.58344,0.58388,1471
2025-12-26 03:00:00+00:00,0.5839,0.58394,0.5832,0.5832,1984
2025-12-26 04:00:00+00:00,0.58321,0.58346,0.58312,0.58326,1356
2025-12-26 05:00:00+00:00,0.58328,0.58363,0.58294,0.58349,1395
2025-12-26 06:00:00+00:00,0.58352,0.58368,0.58276,0.58284,2133
2025-12-26 07:00:00+00:00,0.58286,0.58294,0.5822,0.58248,2747
2025-12-26 08:00:00+00:00,0.58247,0.5826,0.58211,0.58257,2576
2025-12-26 09:00:00+00:00,0.58258,0.58264,0.5819,0.5819,1892
2025-12-26 10:00:00+00:00,0.58188,0.58231,0.5818,0.58193,1891
2025-12-26 11:00:00+00:00,0.58194,0.58228,0.58192,0.58208,1638
2025-12-26 12:00:00+00:00,0.58208,0.5822,0.58182,0.58214,2214
2025-12-26 13:00:00+00:00,0.58217,0.58336,0.58204,0.5832,3667
2025-12-26 14:00:00+00:00,0.58322,0.5837,0.58317,0.58343,4332
2025-12-26 15:00:00+00:00,0.58344,0.58424,0.5832,0.58348,5368
2025-12-26 16:00:00+00:00,0.58348,0.58352,0.58243,0.58273,5644
2025-12-26 17:00:00+00:00,0.58272,0.58302,0.58252,0.58298,4641
2025-12-26 18:00:00+00:00,0.583,0.58318,0.58286,0.58298,2402
2025-12-26 19:00:00+00:00,0.58298,0.58306,0.58268,0.58296,1281
2025-12-26 20:00:00+00:00,0.58298,0.58325,0.58292,0.58325,889
2025-12-26 21:00:00+00:00,0.58326,0.58331,0.58253,0.58306,3047
2025-12-28 22:00:00+00:00,0.58267,0.58298,0.58249,0.58274,1627
2025-12-28 23:00:00+00:00,0.58273,0.58306,0.5825,0.58263,1504
2025-12-29 00:00:00+00:00,0.58263,0.58332,0.58255,0.5827,2848
2025-12-29 01:00:00+00:00,0.58272,0.58316,0.58259,0.58293,3239
2025-12-29 02:00:00+00:00,0.5829,0.58336,0.58253,0.58314,2383
2025-12-29 03:00:00+00:00,0.58313,0.5833,0.5828,0.583,1558
2025-12-29 04:00:00+00:00,0.583,0.58318,0.5825,0.58252,1331
2025-12-29 05:00:00+00:00,0.58252,0.58254,0.58195,0.58196,1965
2025-12-29 06:00:00+00:00,0.58196,0.58221,0.58166,0.58194,2411
2025-12-29 07:00:00+00:00,0.58196,0.58251,0.58156,0.58186,3736
2025-12-29 08:00:00+00:00,0.58184,0.58186,0.58078,0.58136,3448
2025-12-29 09:00:00+00:00,0.58136,0.58144,0.5803,0.58075,3430
2025-12-29 10:00:00+00:00,0.58076,0.58109,0.58042,0.58046,2599
2025-12-29 11:00:00+00:00,0.58044,0.5805,0.57989,0.57998,2199
2025-12-29 12:00:00+00:00,0.57998,0.57998,0.57902,0.57958,2483
2025-12-29 13:00:00+00:00,0.57961,0.58002,0.57932,0.57981,3581
2025-12-29 14:00:00+00:00,0.57981,0.58088,0.57929,0.58051,4400
2025-12-29 15:00:00+00:00,0.58052,0.58098,0.57952,0.58098,5999
2025-12-29 16:00:00+00:00,0.58098,0.58108,0.5803,0.58055,4220
2025-12-29 17:00:00+00:00,0.58056,0.58064,0.58017,0.58032,3014
2025-12-29 18:00:00+00:00,0.58032,0.58064,0.57993,0.57994,1661
2025-12-29 19:00:00+00:00,0.57993,0.58073,0.57983,0.58064,1599
2025-12-29 20:00:00+00:00,0.58064,0.58074,0.58025,0.58042,1288
2025-12-29 21:00:00+00:00,0.58042,0.58076,0.58034,0.58037,900
2025-12-29 22:00:00+00:00,0.57999,0.58086,0.5798,0.58048,2624
2025-12-29 23:00:00+00:00,0.58043,0.58082,0.58038,0.58078,843
