time,o,h,l,c,volume,body_len,candle_len,upper_wick,lower_wick,direction,mid_price,body_pct,candle_type,pinbar_dir,is_special_maru,is_big_maru_as0,is_big_normal_as0,prior_maru_max_len_as0,is_big_maru_as1,is_big_normal_as1,prior_maru_max_len_as1,is_big_maru_as2,is_big_normal_as2,prior_maru_max_len_as2,pat,pat_dir,pat_status,pat_start_idx,pat_end_idx,pat_confirm_idx,is_range,is_range_confirm_idx,is_range_lag,market_state,range_active,range_hi,range_lo,range_start_idx,range_confirm_idx,breakout_th,pullback_th,range_break_frac,cts_idx,cts_price,cts_event,bos_idx,bos_price,bos_event,cts_cycle_id,cts_threshold,bos_threshold,cycle_stage,cts_phase_debug,reversal_watch_active,reversal_bos_th_frozen,reversal_watch_extreme,last_breakout_pat_apply_idx
2025-12-25 22:00:00+00:00,0.58391,0.58391,0.5837,0.5838,3,0.0001100000000000545,0.00021000000000004349,0.0,9.999999999998899e-05,-1,0.583805,0.5238095238096748,normal,0,True,False,False,0.0,False,False,0.0,False,False,0.0,,0,,-1,-1,-1,0,-1,-1,none,0,,,-1,-1,,,,-1,,,-1,,,0,,,NONE,NONE,0,,,-1
2025-12-25 22:15:00+00:00,0.58372,0.58391,0.58372,0.58375,5,2.999999999997449e-05,0.00019000000000002348,0.000160000000000049,0.0,1,0.583815,0.1578947368419515,pinbar,-1,False,False,False,0.0,False,False,0.0,False,False,0.0,,0,,-1,-1,-1,0,-1,-1,none,0,,,-1,-1,,,,-1,,,-1,,,0,,,NONE,NONE,0,,,-1
2025-12-25 22:30:00+00:00,0.58387,0.58396,0.58387,0.58396,3,9.00000000000345e-05,9.00000000000345e-05,0.0,0.0,1,0.583915,1.0,maru,0,True,False,False,0.0,False,False,0.0,False,False,0.0,,0,,-1,-1,-1,0,-1,-1,none,0,,,-1,-1,,,,-1,,,-1,,,0,,,NONE,NONE,0,,,-1
2025-12-25 22:45:00+00:00,0.58401,0.58413,0.58392,0.58392,140,9.00000000000345e-05,0.00021000000000004349,0.00012000000000000899,0.0,-1,0.584025,0.4285714285715041,normal,0,False,False,True,9.00000000000345e-05,False,False,0.0,False,False,0.0,,0,,-1,-1,-1,0,-1,-1,none,0,,,-1,-1,,,,-1,,,-1,,,0,,,NONE,NONE,0,,,-1
2025-12-25 23:00:00+00:00,0.5838,0.584,0.5832,0.58346,742,0.00034000000000000696,0.0007999999999999119,0.00019999999999997797,0.00025999999999992696,-1,0.5836,0.4250000000000555,normal,0,False,False,True,9.00000000000345e-05,False,True,9.00000000000345e-05,False,False,0.0,,0,,-1,-1,-1,1,6,2,none,0,,,-1,-1,,,,-1,,,-1,,,0,,,NONE,NONE,0,,,-1
2025-12-25 23:15:00+00:00,0.58344,0.58354,0.58313,0.58348,3960,4.0000000000040004e-05,0.00040999999999991044,5.999999999994898e-05,0.00030999999999992145,1,0.5833349999999999,0.09756097560987498,pinbar,1,False,False,False,9.00000000000345e-05,False,False,9.00000000000345e-05,False,False,9.00000000000345e-05,,0,,-1,-1,-1,0,-1,-1,none,0,,,-1,-1,,,,-1,,,-1,,,0,,,NONE,NONE,0,,,-1
2025-12-25 23:30:00+00:00,0.58348,0.5837,0.58348,0.58369,301,0.00021000000000004349,0.00021999999999999797,9.99999999995449e-06,0.0,1,0.58359,0.954545454545661,maru,0,True,True,True,9.00000000000345e-05,True,True,9.00000000000345e-05,True,True,9.00000000000345e-05,,0,,-1,-1,-1,1,8,2,none,0,,,-1,-1,,,,-1,,,-1,,,0,,,NONE,NONE,0,,,-1
2025-12-25 23:45:00+00:00,0.58368,0.58369,0.58348,0.58357,205,0.00010999999999994348,0.00021000000000004349,1.0000000000065512e-05,9.00000000000345e-05,-1,0.583585,0.5238095238091461,normal,0,True,False,True,0.00021999999999999797,False,True,9.00000000000345e-05,False,True,9.00000000000345e-05,,0,,-1,-1,-1,0,-1,-1,none,0,,,-1,-1,,,,-1,,,-1,,,0,,,NONE,NONE,0,,,-1
2025-12-26 00:00:00+00:00,0.58356,0.58388,0.58346,0.58358,324,2.0000000000020002e-05,0.00041999999999997595,0.00029999999999996696,9.999999999998899e-05,1,0.5836699999999999,0.04761904761909797,pinbar,-1,False,False,False,0.00021999999999999797,False,False,0.00021999999999999797,False,False,9.00000000000345e-05,,0,,-1,-1,-1,1,10,2,none,0,,,-1,-1,,,,-1,,,-1,,,0,,,NONE,NONE,0,,,-1
2025-12-26 00:15:00+00:00,0.58359,0.58396,0.58354,0.58388,314,0.00028999999999990145,0.00042000000000008697,8.000000000008001e-05,5.0000000000105516e-05,1,0.58375,0.6904761904758129,maru,0,False,True,True,0.00021999999999999797,True,True,0.00021999999999999797,True,True,0.00021999999999999797,,0,,-1,-1,-1,1,12,3,none,0,,,-1,-1,,,,-1,,,-1,,,0,,,NONE,NONE,0,,,-1
2025-12-26 00:30:00+00:00,0.58389,0.58392,0.58364,0.5837,353,0.00019000000000002348,0.00027999999999994696,2.999999999997449e-05,5.999999999994898e-05,-1,0.58378,0.678571428571641,maru,0,False,True,True,0.00042000000000008697,True,True,0.00021999999999999797,True,True,0.00021999999999999797,,0,,-1,-1,-1,1,12,2,none,0,,,-1,-1,,,,-1,,,-1,,,0,,,NONE,NONE,0,,,-1
2025-12-26 00:45:00+00:00,0.5837,0.58376,0.58334,0.58344,722,0.000260000000000038,0.00041999999999997595,5.999999999994898e-05,9.999999999998899e-05,-1,0.58355,0.619047619047745,normal,0,False,False,True,0.00042000000000008697,False,True,0.00042000000000008697,False,True,0.00021999999999999797,one_maru_continuous,-1,SUCCESS,10,11,-1,1,15,4,none,0,,,-1,-1,,,,-1,,,-1,,,0,,,NONE,NONE,0,,,-1
2025-12-26 01:00:00+00:00,0.58348,0.58408,0.58344,0.5838,631,0.00031999999999998696,0.0006400000000000849,0.000280000000000058,4.0000000000040004e-05,1,0.5837600000000001,0.4999999999999133,normal,0,False,False,True,0.00042000000000008697,False,True,0.00042000000000008697,False,True,0.00042000000000008697,,0,,-1,-1,-1,1,14,2,none,0,,,-1,-1,,,,-1,,,-1,,,0,,,NONE,NONE,0,,,-1
2025-12-26 01:15:00+00:00,0.58379,0.58394,0.58374,0.58382,416,2.999999999997449e-05,0.00019999999999997797,0.00012000000000000899,4.999999999999449e-05,1,0.58384,0.14999999999988897,pinbar,-1,False,False,False,0.00042000000000008697,False,False,0.00042000000000008697,False,False,0.00042000000000008697,,0,,-1,-1,-1,0,-1,-1,none,0,,,-1,-1,,,,-1,,,-1,,,0,,,NONE,NONE,0,,,-1
2025-12-26 01:30:00+00:00,0.5838,0.5842,0.58376,0.58389,494,9.00000000000345e-05,0.00044000000000010697,0.00031000000000003247,4.0000000000040004e-05,1,0.5839799999999999,0.20454545454548323,pinbar,-1,False,False,False,0.00042000000000008697,False,False,0.00042000000000008697,False,False,0.00042000000000008697,,0,,-1,-1,-1,1,18,4,none,0,,,-1,-1,,,,-1,,,-1,,,0,,,NONE,NONE,0,,,-1
2025-12-26 01:45:00+00:00,0.58388,0.58388,0.58344,0.58349,573,0.00039000000000000146,0.00043999999999999595,0.0,4.999999999999449e-05,-1,0.58366,0.8863636363636478,maru,0,True,True,True,0.00042000000000008697,True,True,0.00042000000000008697,True,True,0.00042000000000008697,,0,,-1,-1,-1,1,17,2,none,0,,,-1,-1,,,,-1,,,-1,,,0,,,NONE,NONE,0,,,-1
2025-12-26 02:00:00+00:00,0.5835,0.58376,0.58344,0.58371,502,0.00020999999999993246,0.00031999999999998696,4.999999999999449e-05,6.0000000000060005e-05,1,0.5835999999999999,0.6562499999998157,normal,0,False,False,True,0.00043999999999999595,False,True,0.00042000000000008697,False,True,0.00042000000000008697,,0,,-1,-1,-1,0,-1,-1,none,0,,,-1,-1,,,,-1,,,-1,,,0,,,NONE,NONE,0,,,-1
2025-12-26 02:15:00+00:00,0.58372,0.58378,0.5835,0.5835,389,0.00021999999999999797,0.00027999999999994696,5.999999999994898e-05,0.0,-1,0.5836399999999999,0.7857142857144274,maru,0,True,False,True,0.00043999999999999595,False,True,0.00043999999999999595,True,True,0.00042000000000008697,,0,,-1,-1,-1,0,-1,-1,none,0,,,-1,-1,,,,-1,,,-1,,,0,,,NONE,NONE,0,,,-1
2025-12-26 02:30:00+00:00,0.58348,0.58405,0.58345,0.58402,296,0.0005399999999999849,0.0005999999999999339,2.999999999997449e-05,2.999999999997449e-05,1,0.58375,0.900000000000074,maru,0,True,True,True,0.00043999999999999595,True,True,0.00043999999999999595,True,True,0.00043999999999999595,,0,,-1,-1,-1,1,20,2,none,0,,,-1,-1,,,,-1,,,-1,,,0,,,NONE,NONE,0,,,-1
2025-12-26 02:45:00+00:00,0.58404,0.58406,0.58382,0.58388,284,0.000160000000000049,0.00024000000000001798,2.0000000000020002e-05,5.999999999994898e-05,-1,0.58394,0.6666666666668208,maru,0,True,False,False,0.0005999999999999339,False,True,0.00043999999999999595,False,True,0.00043999999999999595,,0,,-1,-1,-1,0,-1,-1,none,0,,,-1,-1,,,,-1,,,-1,,,0,,,NONE,NONE,0,,,-1
2025-12-26 03:00:00+00:00,0.5839,0.58394,0.58374,0.58383,472,7.00000000000145e-05,0.00019999999999997797,4.0000000000040004e-05,8.999999999992347e-05,-1,0.58384,0.350000000000111,pinbar,0,False,False,False,0.0005999999999999339,False,False,0.0005999999999999339,False,False,0.00043999999999999595,,0,,-1,-1,-1,0,-1,-1,none,0,,,-1,-1,,,,-1,,,-1,,,0,,,NONE,NONE,0,,,-1
2025-12-26 03:15:00+00:00,0.58384,0.58384,0.5833,0.58342,470,0.00041999999999997595,0.0005399999999999849,0.0,0.00012000000000000899,-1,0.58357,0.7777777777777549,maru,0,True,True,True,0.0005999999999999339,True,True,0.0005999999999999339,True,True,0.0005999999999999339,,0,,-1,-1,-1,1,24,3,none,0,,,-1,-1,,,,-1,,,-1,,,0,,,NONE,NONE,0,,,-1
2025-12-26 03:30:00+00:00,0.58344,0.58355,0.58323,0.58334,455,9.999999999998899e-05,0.00031999999999998696,0.0001100000000000545,0.00010999999999994348,-1,0.5833900000000001,0.3124999999999783,pinbar,0,False,False,False,0.0005999999999999339,False,False,0.0005999999999999339,False,False,0.0005999999999999339,one_maru_continuous,-1,SUCCESS,21,22,-1,1,24,2,none,0,,,-1,-1,,,,-1,,,-1,,,0,,,NONE,NONE,0,,,-1
2025-12-26 03:45:00+00:00,0.58334,0.58346,0.5832,0.5832,587,0.00013999999999991797,0.00025999999999992696,0.00012000000000000899,0.0,-1,0.58333,0.5384615384613742,normal,0,True,False,False,0.0005999999999999339,False,False,0.0005999999999999339,False,False,0.0005999999999999339,,0,,-1,-1,-1,1,25,2,none,0,,,-1,-1,,,,-1,,,-1,,,0,,,NONE,NONE,0,,,-1
2025-12-26 04:00:00+00:00,0.58321,0.5834,0.58314,0.58339,235,0.00017999999999995797,0.000260000000000038,1.0000000000065512e-05,7.00000000000145e-05,1,0.58327,0.6923076923074295,maru,0,True,False,False,0.0005999999999999339,False,False,0.0005999999999999339,False,False,0.0005999999999999339,,0,,-1,-1,-1,1,26,2,none,0,,,-1,-1,,,,-1,,,-1,,,0,,,NONE,NONE,0,,,-1
2025-12-26 04:15:00+00:00,0.58342,0.58346,0.5832,0.58332,218,0.00010000000000010001,0.00025999999999992696,3.999999999992898e-05,0.00011999999999989797,-1,0.58333,0.3846153846158773,pinbar,0,False,False,False,0.0005999999999999339,False,False,0.0005999999999999339,False,False,0.0005999999999999339,,0,,-1,-1,-1,1,27,2,none,0,,,-1,-1,,,,-1,,,-1,,,0,,,NONE,NONE,0,,,-1
2025-12-26 04:30:00+00:00,0.58332,0.58345,0.58318,0.58318,554,0.00013999999999991797,0.00026999999999999247,0.0001300000000000745,0.0,-1,0.583315,0.5185185185182292,normal,0,True,False,False,0.0005999999999999339,False,False,0.0005999999999999339,False,False,0.0005999999999999339,,0,,-1,-1,-1,1,30,4,none,0,,,-1,-1,,,,-1,,,-1,,,0,,,NONE,NONE,0,,,-1
2025-12-26 04:45:00+00:00,0.5832,0.5833,0.58312,0.58326,349,5.999999999994898e-05,0.000180000000000069,4.0000000000040004e-05,8.000000000008001e-05,1,0.58321,0.33333333333292214,pinbar,0,False,False,False,0.0005999999999999339,False,False,0.0005999999999999339,False,False,0.0005999999999999339,,0,,-1,-1,-1,1,29,2,none,0,,,-1,-1,,,,-1,,,-1,,,0,,,NONE,NONE,0,,,-1
2025-12-26 05:00:00+00:00,0.58328,0.58329,0.58298,0.583,355,0.000280000000000058,0.00030999999999992145,9.99999999995449e-06,1.999999999990898e-05,-1,0.583135,0.9032258064520288,maru,0,True,False,True,0.0005999999999999339,False,True,0.0005999999999999339,False,True,0.0005999999999999339,,0,,-1,-1,-1,0,-1,-1,none,0,,,-1,-1,,,,-1,,,-1,,,0,,,NONE,NONE,0,,,-1
2025-12-26 05:15:00+00:00,0.58302,0.58314,0.58294,0.58312,396,9.999999999998899e-05,0.00019999999999997797,2.0000000000020002e-05,7.999999999996898e-05,1,0.58304,0.5,normal,0,False,False,False,0.0005999999999999339,False,False,0.0005999999999999339,False,False,0.0005999999999999339,,0,,-1,-1,-1,1,34,5,none,0,,,-1,-1,,,,-1,,,-1,,,0,,,NONE,NONE,0,,,-1
2025-12-26 05:30:00+00:00,0.58312,0.58347,0.58312,0.5833,360,0.000180000000000069,0.0003500000000000725,0.00017000000000000348,0.0,1,0.583295,0.5142857142858049,normal,0,True,False,True,0.0005999999999999339,False,True,0.0005999999999999339,False,True,0.0005999999999999339,,0,,-1,-1,-1,0,-1,-1,none,0,,,-1,-1,,,,-1,,,-1,,,0,,,NONE,NONE,0,,,-1
2025-12-26 05:45:00+00:00,0.58328,0.58363,0.58328,0.58349,284,0.00020999999999993246,0.00034999999999996145,0.000140000000000029,0.0,1,0.5834550000000001,0.5999999999998731,normal,0,True,False,True,0.0005999999999999339,False,True,0.0005999999999999339,False,True,0.0005999999999999339,,0,,-1,-1,-1,1,33,2,none,0,,,-1,-1,,,,-1,,,-1,,,0,,,NONE,NONE,0,,,-1
2025-12-26 06:00:00+00:00,0.58352,0.58367,0.58333,0.5835,593,2.0000000000020002e-05,0.00034000000000000696,0.00014999999999998348,0.00017000000000000348,-1,0.5835,0.05882352941182233,pinbar,1,False,False,False,0.0005999999999999339,False,False,0.0005999999999999339,False,False,0.0005999999999999339,,0,,-1,-1,-1,0,-1,-1,none,0,,,-1,-1,,,,-1,,,-1,,,0,,,NONE,NONE,0,,,-1
2025-12-26 06:15:00+00:00,0.5835,0.58368,0.58343,0.58354,499,3.999999999992898e-05,0.00024999999999997247,0.000140000000000029,7.00000000000145e-05,1,0.583555,0.15999999999973355,pinbar,-1,False,False,False,0.0005999999999999339,False,False,0.0005999999999999339,False,False,0.0005999999999999339,,0,,-1,-1,-1,0,-1,-1,none,0,,,-1,-1,,,,-1,,,-1,,,0,,,NONE,NONE,0,,,-1
2025-12-26 06:30:00+00:00,0.58354,0.58359,0.58288,0.58296,577,0.0005799999999999139,0.0007100000000000994,5.0000000000105516e-05,8.000000000008001e-05,-1,0.583235,0.8169014084504685,maru,0,True,True,True,0.0005999999999999339,True,True,0.0005999999999999339,True,True,0.0005999999999999339,,0,,-1,-1,-1,0,-1,-1,none,0,,,-1,-1,,,,-1,,,-1,,,0,,,NONE,NONE,0,,,-1
2025-12-26 06:45:00+00:00,0.58294,0.58297,0.58276,0.58284,464,9.999999999998899e-05,0.00021000000000004349,2.999999999997449e-05,8.000000000008001e-05,-1,0.582865,0.4761904761903251,normal,0,False,False,False,0.0007100000000000994,False,False,0.0005999999999999339,False,False,0.0005999999999999339,one_maru_continuous,-1,SUCCESS,34,35,-1,0,-1,-1,none,0,,,-1,-1,,,,-1,,,-1,,,0,,,NONE,NONE,0,,,-1
2025-12-26 07:00:00+00:00,0.58286,0.58294,0.58255,0.58258,676,0.000280000000000058,0.00039000000000000146,7.999999999996898e-05,2.999999999997449e-05,-1,0.5827450000000001,0.717948717948864,maru,0,True,False,True,0.0007100000000000994,False,True,0.0007100000000000994,False,True,0.0005999999999999339,,0,,-1,-1,-1,0,-1,-1,none,0,,,-1,-1,,,,-1,,,-1,,,0,,,NONE,NONE,0,,,-1
2025-12-26 07:15:00+00:00,0.5826,0.58272,0.58242,0.58257,489,2.999999999997449e-05,0.00029999999999996696,0.00012000000000000899,0.00014999999999998348,-1,0.58257,0.09999999999992598,pinbar,1,False,False,False,0.0007100000000000994,False,False,0.0007100000000000994,False,False,0.0007100000000000994,,0,,-1,-1,-1,1,39,2,none,0,,,-1,-1,,,,-1,,,-1,,,0,,,NONE,NONE,0,,,-1
2025-12-26 07:30:00+00:00,0.58256,0.58266,0.58223,0.58226,672,0.00029999999999996696,0.00042999999999993044,9.999999999998899e-05,2.999999999997449e-05,-1,0.582445,0.6976744186046872,maru,0,True,False,True,0.0007100000000000994,False,True,0.0007100000000000994,False,True,0.0007100000000000994,continuous,-1,SUCCESS,36,38,-1,1,40,2,none,0,,,-1,-1,,,,-1,,,-1,,,0,,,NONE,NONE,0,,,-1
2025-12-26 07:45:00+00:00,0.58224,0.5827,0.5822,0.58248,910,0.00024000000000001798,0.0004999999999999449,0.00021999999999999797,3.999999999992898e-05,1,0.58245,0.4800000000000888,normal,0,False,False,True,0.0007100000000000994,False,True,0.0007100000000000994,False,True,0.0007100000000000994,,0,,-1,-1,-1,1,41,2,none,0,,,-1,-1,,,,-1,,,-1,,,0,,,NONE,NONE,0,,,-1
2025-12-26 08:00:00+00:00,0.58247,0.58248,0.58216,0.58232,950,0.0001500000000000945,0.00031999999999998696,9.99999999995449e-06,0.00015999999999993797,-1,0.58232,0.4687500000003144,normal,0,False,False,False,0.0007100000000000994,False,False,0.0007100000000000994,False,False,0.0007100000000000994,,0,,-1,-1,-1,1,42,2,none,0,,,-1,-1,,,,-1,,,-1,,,0,,,NONE,NONE,0,,,-1
2025-12-26 08:15:00+00:00,0.58232,0.58252,0.58228,0.58231,758,9.99999999995449e-06,0.00024000000000001798,0.000200000000000089,2.999999999997449e-05,-1,0.5824,0.04166666666647392,pinbar,-1,False,False,False,0.0007100000000000994,False,False,0.0007100000000000994,False,False,0.0007100000000000994,,0,,-1,-1,-1,0,-1,-1,none,0,,,-1,-1,,,,-1,,,-1,,,0,,,NONE,NONE,0,,,-1
2025-12-26 08:30:00+00:00,0.5823,0.58234,0.58211,0.58218,557,0.00012000000000000899,0.00022999999999995246,3.999999999992898e-05,7.00000000000145e-05,-1,0.582225,0.5217391304349295,normal,0,False,False,False,0.0007100000000000994,False,False,0.0007100000000000994,False,False,0.0007100000000000994,,0,,-1,-1,-1,0,-1,-1,none,0,,,-1,-1,,,,-1,,,-1,,,0,,,NONE,NONE,0,,,-1
2025-12-26 08:45:00+00:00,0.58217,0.5826,0.58212,0.58257,311,0.00040000000000006697,0.00048000000000003595,2.999999999997449e-05,4.999999999999449e-05,1,0.58236,0.8333333333334104,maru,0,True,True,True,0.0007100000000000994,True,True,0.0007100000000000994,True,True,0.0007100000000000994,,0,,-1,-1,-1,1,48,5,none,0,,,-1,-1,,,,-1,,,-1,,,0,,,NONE,NONE,0,,,-1
2025-12-26 09:00:00+00:00,0.58258,0.58264,0.58207,0.58207,651,0.0005100000000000104,0.0005700000000000705,6.0000000000060005e-05,0.0,-1,0.582355,0.8947368421051709,maru,0,True,True,True,0.0007100000000000994,True,True,0.0007100000000000994,True,True,0.0007100000000000994,,0,,-1,-1,-1,1,48,4,none,0,,,-1,-1,,,,-1,,,-1,,,0,,,NONE,NONE,0,,,-1
2025-12-26 09:15:00+00:00,0.58208,0.58212,0.58193,0.58206,311,2.0000000000020002e-05,0.00019000000000002348,3.999999999992898e-05,0.0001300000000000745,-1,0.582025,0.10526315789482911,pinbar,1,False,False,False,0.0007100000000000994,False,False,0.0007100000000000994,False,False,0.0007100000000000994,one_maru_continuous,-1,SUCCESS,44,45,-1,1,50,5,none,0,,,-1,-1,,,,-1,,,-1,,,0,,,NONE,NONE,0,,,-1
2025-12-26 09:30:00+00:00,0.58204,0.58215,0.5819,0.58196,415,7.999999999996898e-05,0.00024999999999997247,0.00010999999999994348,6.0000000000060005e-05,-1,0.582025,0.3199999999999112,pinbar,0,False,False,False,0.0007100000000000994,False,False,0.0007100000000000994,False,False,0.0007100000000000994,,0,,-1,-1,-1,1,48,2,none,0,,,-1,-1,,,,-1,,,-1,,,0,,,NONE,NONE,0,,,-1
2025-12-26 09:45:00+00:00,0.58196,0.58212,0.5819,0.5819,515,6.0000000000060005e-05,0.00021999999999999797,0.00015999999999993797,0.0,-1,0.5820099999999999,0.272727272727548,pinbar,-1,False,False,False,0.0007100000000000994,False,False,0.0007100000000000994,False,False,0.0007100000000000994,,0,,-1,-1,-1,1,50,3,none,0,,,-1,-1,,,,-1,,,-1,,,0,,,NONE,NONE,0,,,-1
2025-12-26 10:00:00+00:00,0.58188,0.5822,0.5818,0.58214,396,0.000260000000000038,0.00040000000000006697,6.0000000000060005e-05,7.999999999996898e-05,1,0.5820000000000001,0.6499999999999861,normal,0,False,False,True,0.0007100000000000994,False,True,0.0007100000000000994,False,True,0.0007100000000000994,,0,,-1,-1,-1,1,50,2,none,0,,,-1,-1,,,,-1,,,-1,,,0,,,NONE,NONE,0,,,-1
2025-12-26 10:15:00+00:00,0.58215,0.58231,0.58206,0.58215,772,0.0,0.00024999999999997247,0.000160000000000049,8.999999999992347e-05,0,0.582185,0.0,pinbar,-1,False,False,False,0.0007100000000000994,False,False,0.0007100000000000994,False,False,0.0007100000000000994,,0,,-1,-1,-1,1,52,3,none,0,,,-1,-1,,,,-1,,,-1,,,0,,,NONE,NONE,0,,,-1
2025-12-26 10:30:00+00:00,0.58216,0.58222,0.58204,0.58208,445,7.999999999996898e-05,0.00017999999999995797,5.999999999994898e-05,4.0000000000040004e-05,-1,0.58213,0.4444444444443759,normal,0,False,False,False,0.0007100000000000994,False,False,0.0007100000000000994,False,False,0.0007100000000000994,,0,,-1,-1,-1,1,52,2,none,0,,,-1,-1,,,,-1,,,-1,,,0,,,NONE,NONE,0,,,-1
2025-12-26 10:45:00+00:00,0.58208,0.58208,0.58188,0.58193,278,0.0001500000000000945,0.000200000000000089,0.0,4.999999999999449e-05,-1,0.5819799999999999,0.7500000000001388,maru,0,True,False,False,0.0007100000000000994,False,False,0.0007100000000000994,False,False,0.0007100000000000994,,0,,-1,-1,-1,1,53,2,none,0,,,-1,-1,,,,-1,,,-1,,,0,,,NONE,NONE,0,,,-1
2025-12-26 11:00:00+00:00,0.58194,0.58211,0.58192,0.58208,352,0.000140000000000029,0.00019000000000002348,2.999999999997449e-05,2.0000000000020002e-05,1,0.582015,0.7368421052632194,maru,0,False,False,False,0.0005700000000000705,False,False,0.0007100000000000994,False,False,0.0007100000000000994,,0,,-1,-1,-1,1,55,3,none,0,,,-1,-1,,,,-1,,,-1,,,0,,,NONE,NONE,0,,,-1
2025-12-26 11:15:00+00:00,0.58207,0.58228,0.58202,0.58204,400,2.999999999997449e-05,0.000260000000000038,0.00021000000000004349,2.0000000000020002e-05,-1,0.58215,0.11538461538450043,pinbar,-1,False,False,False,0.0005700000000000705,False,False,0.0005700000000000705,False,False,0.0007100000000000994,,0,,-1,-1,-1,1,55,2,none,0,,,-1,-1,,,,-1,,,-1,,,0,,,NONE,NONE,0,,,-1
2025-12-26 11:30:00+00:00,0.58206,0.58224,0.58202,0.58219,334,0.00012999999999996348,0.00021999999999999797,4.999999999999449e-05,4.0000000000040004e-05,1,0.58213,0.5909090909089303,normal,0,False,False,False,0.0005700000000000705,False,False,0.0005700000000000705,False,False,0.0005700000000000705,,0,,-1,-1,-1,1,58,4,none,0,,,-1,-1,,,,-1,,,-1,,,0,,,NONE,NONE,0,,,-1
2025-12-26 11:45:00+00:00,0.58221,0.58221,0.58194,0.58208,552,0.00012999999999996348,0.00026999999999999247,0.0,0.000140000000000029,-1,0.582075,0.48148148148135966,normal,0,False,False,False,0.0005700000000000705,False,False,0.0005700000000000705,False,False,0.0005700000000000705,,0,,-1,-1,-1,1,58,3,none,0,,,-1,-1,,,,-1,,,-1,,,0,,,NONE,NONE,0,,,-1
2025-12-26 12:00:00+00:00,0.58208,0.58212,0.58184,0.58191,512,0.00017000000000000348,0.00027999999999994696,3.999999999992898e-05,7.00000000000145e-05,-1,0.5819799999999999,0.6071428571429845,normal,0,False,False,False,0.0005700000000000705,False,False,0.0005700000000000705,False,False,0.0005700000000000705,,0,,-1,-1,-1,1,58,2,none,0,,,-1,-1,,,,-1,,,-1,,,0,,,NONE,NONE,0,,,-1
2025-12-26 12:15:00+00:00,0.5819,0.58194,0.58182,0.58189,408,9.99999999995449e-06,0.00012000000000000899,4.0000000000040004e-05,7.00000000000145e-05,-1,0.58188,0.08333333333294785,pinbar,1,False,False,False,0.0005700000000000705,False,False,0.0005700000000000705,False,False,0.0005700000000000705,,0,,-1,-1,-1,0,-1,-1,none,0,,,-1,-1,,,,-1,,,-1,,,0,,,NONE,NONE,0,,,-1
2025-12-26 12:30:00+00:00,0.5819,0.58209,0.58183,0.58202,669,0.00012000000000000899,0.000260000000000038,7.00000000000145e-05,7.00000000000145e-05,1,0.58196,0.4615384615384287,normal,0,False,False,False,0.0005700000000000705,False,False,0.0005700000000000705,False,False,0.0005700000000000705,,0,,-1,-1,-1,0,-1,-1,none,0,,,-1,-1,,,,-1,,,-1,,,0,,,NONE,NONE,0,,,-1
2025-12-26 12:45:00+00:00,0.58205,0.5822,0.582,0.58214,625,9.00000000000345e-05,0.000200000000000089,6.0000000000060005e-05,4.999999999999449e-05,1,0.5821000000000001,0.44999999999997226,normal,0,False,False,False,0.0005700000000000705,False,False,0.0005700000000000705,False,False,0.0005700000000000705,,0,,-1,-1,-1,0,-1,-1,none,0,,,-1,-1,,,,-1,,,-1,,,0,,,NONE,NONE,0,,,-1
2025-12-26 13:00:00+00:00,0.58217,0.58265,0.58204,0.58257,1022,0.00040000000000006697,0.0006099999999999994,7.999999999996898e-05,0.00012999999999996348,1,0.582345,0.6557377049181432,normal,0,False,False,True,0.0005700000000000705,False,True,0.0005700000000000705,False,True,0.0005700000000000705,,0,,-1,-1,-1,0,-1,-1,none,0,,,-1,-1,,,,-1,,,-1,,,0,,,NONE,NONE,0,,,-1
2025-12-26 13:15:00+00:00,0.58258,0.58282,0.58253,0.58278,848,0.00019999999999997797,0.00029000000000001247,4.0000000000040004e-05,4.999999999999449e-05,1,0.582675,0.6896551724136875,maru,0,False,False,True,0.0005700000000000705,False,True,0.0005700000000000705,False,True,0.0005700000000000705,,0,,-1,-1,-1,0,-1,-1,none,0,,,-1,-1,,,,-1,,,-1,,,0,,,NONE,NONE,0,,,-1
2025-12-26 13:30:00+00:00,0.58278,0.58327,0.58278,0.5832,983,0.00042000000000008697,0.0004899999999999904,6.999999999990347e-05,0.0,1,0.5830249999999999,0.8571428571430514,maru,0,True,True,True,0.0005700000000000705,True,True,0.0005700000000000705,True,True,0.0005700000000000705,double_maru,1,SUCCESS,61,62,-1,0,-1,-1,breakout,0,,,-1,-1,,,,62,0.58327,CTS_ESTABLISHED,48,0.5818,BOS_CONFIRMED,1,,0.5818,SEEK_PULLBACK,EST_OR_UPD,0,,,62
2025-12-26 13:45:00+00:00,0.5832,0.58336,0.5831,0.5832,814,0.0,0.000260000000000038,0.00015999999999993797,0.00010000000000010001,0,0.5832299999999999,0.0,pinbar,-1,False,False,False,0.0005700000000000705,False,False,0.0005700000000000705,False,False,0.0005700000000000705,,0,,-1,-1,-1,0,-1,-1,breakout,0,,,-1,-1,,,,62,0.58327,,48,0.5818,,1,,0.5818,SEEK_PULLBACK,EST_OR_UPD,0,,,62
2025-12-26 14:00:00+00:00,0.58322,0.58355,0.58318,0.58348,1010,0.000260000000000038,0.00036999999999998145,7.00000000000145e-05,3.999999999992898e-05,1,0.583365,0.7027027027028405,maru,0,False,False,True,0.0005700000000000705,False,True,0.0005700000000000705,False,True,0.0005700000000000705,one_maru_opposite,1,CONFIRMED,62,63,64,1,67,3,breakout,0,,,-1,-1,,,,64,0.58355,CTS_UPDATED,48,0.5818,,1,,0.5818,SEEK_PULLBACK,EST_OR_UPD,0,,,62
2025-12-26 14:15:00+00:00,0.58348,0.58366,0.58346,0.58348,831,0.0,0.00019999999999997797,0.00017999999999995797,2.0000000000020002e-05,0,0.58356,0.0,pinbar,-1,False,False,False,0.0004899999999999904,False,False,0.0005700000000000705,False,False,0.0005700000000000705,,0,,-1,-1,-1,1,68,3,breakout,0,,,-1,-1,,,,65,0.58366,CTS_UPDATED,48,0.5818,,1,,0.5818,SEEK_PULLBACK,EST_OR_UPD,0,,,62
2025-12-26 14:30:00+00:00,0.58348,0.5837,0.58328,0.58358,1297,9.999999999998899e-05,0.00041999999999997595,0.00012000000000000899,0.00019999999999997797,1,0.5834900000000001,0.2380952380952255,pinbar,0,False,False,False,0.0004899999999999904,False,False,0.0004899999999999904,False,False,0.0005700000000000705,,0,,-1,-1,-1,1,68,2,breakout,0,,,-1,-1,,,,65,0.58366,,48,0.5818,,1,,0.5818,SEEK_PULLBACK,EST_OR_UPD,0,,,62
2025-12-26 14:45:00+00:00,0.5836,0.58363,0.58317,0.58343,1194,0.00017000000000000348,0.00046000000000001595,2.999999999997449e-05,0.000260000000000038,-1,0.5833999999999999,0.3695652173912991,pinbar,1,False,False,False,0.0004899999999999904,False,False,0.0004899999999999904,False,False,0.0004899999999999904,,0,,-1,-1,-1,1,71,4,breakout,0,,,-1,-1,,,,65,0.58366,,48,0.5818,,1,,0.5818,SEEK_PULLBACK,EST_OR_UPD,0,,,62
2025-12-26 15:00:00+00:00,0.58344,0.58383,0.58337,0.58366,1486,0.00021999999999999797,0.00045999999999990493,0.00017000000000000348,6.999999999990347e-05,1,0.5836,0.47826086956531183,normal,0,False,False,True,0.0004899999999999904,False,True,0.0004899999999999904,False,True,0.0004899999999999904,one_maru_opposite,1,CONFIRMED,64,65,68,1,71,3,breakout,0,,,-1,-1,,,,68,0.58383,CTS_UPDATED,48,0.5818,,1,,0.5818,SEEK_PULLBACK,EST_OR_UPD,0,,,68
2025-12-26 15:15:00+00:00,0.58366,0.58422,0.58354,0.5842,1323,0.000540000000000096,0.0006800000000000139,1.999999999990898e-05,0.00012000000000000899,1,0.58388,0.7941176470589484,maru,0,True,True,True,0.0004899999999999904,True,True,0.0004899999999999904,True,True,0.0004899999999999904,,0,,-1,-1,-1,0,-1,-1,breakout,0,,,-1,-1,,,,69,0.58422,CTS_UPDATED,48,0.5818,,1,,0.5818,SEEK_PULLBACK,EST_OR_UPD,0,,,68
2025-12-26 15:30:00+00:00,0.5842,0.58424,0.5836,0.58386,963,0.00034000000000000696,0.0006399999999999739,3.999999999992898e-05,0.000260000000000038,-1,0.58392,0.5312500000000325,normal,0,True,False,True,0.0006800000000000139,False,True,0.0004899999999999904,False,True,0.0004899999999999904,,0,,-1,-1,-1,0,-1,-1,breakout,0,,,-1,-1,,,,69,0.58422,,48,0.5818,,1,,0.5818,SEEK_PULLBACK,EST_OR_UPD,0,,,68
2025-12-26 15:45:00+00:00,0.58386,0.5839,0.5832,0.58348,1596,0.00038000000000004697,0.0006999999999999229,3.999999999992898e-05,0.00027999999999994696,-1,0.58355,0.5428571428572697,normal,0,True,False,True,0.0006800000000000139,False,True,0.0006800000000000139,False,True,0.0004899999999999904,,0,,-1,-1,-1,0,-1,-1,breakout,0,,,-1,-1,,,,69,0.58422,,48,0.5818,,1,,0.5818,SEEK_PULLBACK,EST_OR_UPD,0,,,68
2025-12-26 16:00:00+00:00,0.58348,0.58352,0.58272,0.58272,1838,0.0007599999999999829,0.0008000000000000229,4.0000000000040004e-05,0.0,-1,0.5831200000000001,0.9499999999999514,maru,0,True,True,True,0.0006800000000000139,True,True,0.0006800000000000139,True,True,0.0006800000000000139,continuous,-1,SUCCESS,70,72,-1,1,74,2,pullback,1,0.58422,0.58272,69,72,0.58422,0.58272,,69,0.58422,CTS_CONFIRMED,48,0.5818,,1,0.58422,0.5818,SEEK_BREAKOUT,CONFIRMED,0,,,68
2025-12-26 16:15:00+00:00,0.58272,0.58279,0.58243,0.5826,1367,0.00012000000000000899,0.00036000000000002697,7.00000000000145e-05,0.00017000000000000348,-1,0.5826100000000001,0.3333333333333333,pinbar,0,False,False,False,0.0008000000000000229,False,False,0.0006800000000000139,False,False,0.0006800000000000139,one_maru_continuous,-1,SUCCESS,72,73,-1,1,75,2,pullback,1,0.58422,0.58243,69,72,0.58422,0.58243,1.0,69,0.58422,,48,0.5818,,1,0.58422,0.5818,SEEK_BREAKOUT,CONFIRMED,0,,,68
2025-12-26 16:30:00+00:00,0.5826,0.58282,0.5825,0.58274,1044,0.000140000000000029,0.00031999999999998696,7.999999999996898e-05,9.999999999998899e-05,1,0.58266,0.4375000000001084,normal,0,False,False,False,0.0008000000000000229,False,False,0.0008000000000000229,False,False,0.0006800000000000139,,0,,-1,-1,-1,1,76,2,pullback_range,1,0.58422,0.58243,69,72,0.58422,0.58243,,69,0.58422,,48,0.5818,,1,0.58422,0.5818,SEEK_BREAKOUT,CONFIRMED,0,,,68
2025-12-26 16:45:00+00:00,0.58276,0.58281,0.5825,0.58273,1395,2.999999999997449e-05,0.00031000000000003247,5.0000000000105516e-05,0.00022999999999995246,-1,0.582655,0.09677419354829467,pinbar,1,False,False,False,0.0008000000000000229,False,False,0.0008000000000000229,False,False,0.0008000000000000229,,0,,-1,-1,-1,1,77,2,pullback_range,1,0.58422,0.58243,69,72,0.58422,0.58243,,69,0.58422,,48,0.5818,,1,0.58422,0.5818,SEEK_BREAKOUT,CONFIRMED,0,,,68
2025-12-26 17:00:00+00:00,0.58272,0.58286,0.5826,0.58264,1388,7.999999999996898e-05,0.000260000000000038,0.000140000000000029,4.0000000000040004e-05,-1,0.58273,0.30769230769214345,pinbar,-1,False,False,False,0.0008000000000000229,False,False,0.0008000000000000229,False,False,0.0008000000000000229,,0,,-1,-1,-1,0,-1,-1,pullback_range,1,0.58422,0.58243,69,72,0.58422,0.58243,,69,0.58422,,48,0.5818,,1,0.58422,0.5818,SEEK_BREAKOUT,CONFIRMED,0,,,68
2025-12-26 17:15:00+00:00,0.58265,0.58282,0.58252,0.58275,1400,9.999999999998899e-05,0.00029999999999996696,7.00000000000145e-05,0.00012999999999996348,1,0.58267,0.3333333333333333,pinbar,0,False,False,False,0.0008000000000000229,False,False,0.0008000000000000229,False,False,0.0008000000000000229,,0,,-1,-1,-1,0,-1,-1,pullback_range,1,0.58422,0.58243,69,72,0.58422,0.58243,,69,0.58422,,48,0.5818,,1,0.58422,0.5818,SEEK_BREAKOUT,CONFIRMED,0,,,68
2025-12-26 17:30:00+00:00,0.58274,0.583,0.58256,0.58294,1147,0.00019999999999997797,0.00043999999999999595,5.999999999994898e-05,0.000180000000000069,1,0.58278,0.4545454545454087,normal,0,False,False,True,0.0008000000000000229,False,True,0.0008000000000000229,False,True,0.0008000000000000229,,0,,-1,-1,-1,1,80,2,pullback_range,1,0.58422,0.58243,69,72,0.58422,0.58243,,69,0.58422,,48,0.5818,,1,0.58422,0.5818,SEEK_BREAKOUT,CONFIRMED,0,,,68
2025-12-26 17:45:00+00:00,0.58293,0.58302,0.58275,0.58298,706,5.0000000000105516e-05,0.00026999999999999247,3.999999999992898e-05,0.00017999999999995797,1,0.582885,0.18518518518558114,pinbar,1,False,False,False,0.0008000000000000229,False,False,0.0008000000000000229,False,False,0.0008000000000000229,,0,,-1,-1,-1,1,81,2,pullback_range,1,0.58422,0.58243,69,72,0.58422,0.58243,,69,0.58422,,48,0.5818,,1,0.58422,0.5818,SEEK_BREAKOUT,CONFIRMED,0,,,68
2025-12-26 18:00:00+00:00,0.583,0.58306,0.58286,0.58292,775,7.999999999996898e-05,0.00019999999999997797,6.0000000000060005e-05,5.999999999994898e-05,-1,0.58296,0.399999999999889,pinbar,0,False,False,False,0.0008000000000000229,False,False,0.0008000000000000229,False,False,0.0008000000000000229,,0,,-1,-1,-1,1,83,3,pullback_range,1,0.58422,0.58243,69,72,0.58422,0.58243,,69,0.58422,,48,0.5818,,1,0.58422,0.5818,SEEK_BREAKOUT,CONFIRMED,0,,,68
2025-12-26 18:15:00+00:00,0.58294,0.58308,0.58289,0.58302,793,7.999999999996898e-05,0.00019000000000002348,6.0000000000060005e-05,4.999999999999449e-05,1,0.5829850000000001,0.4210526315787321,normal,0,False,False,False,0.0008000000000000229,False,False,0.0008000000000000229,False,False,0.0008000000000000229,,0,,-1,-1,-1,1,83,2,pullback_range,1,0.58422,0.58243,69,72,0.58422,0.58243,,69,0.58422,,48,0.5818,,1,0.58422,0.5818,SEEK_BREAKOUT,CONFIRMED,0,,,68
2025-12-26 18:30:00+00:00,0.58302,0.58318,0.58294,0.58312,479,9.999999999998899e-05,0.00024000000000001798,6.0000000000060005e-05,7.999999999996898e-05,1,0.58306,0.4166666666665896,normal,0,False,False,False,0.0008000000000000229,False,False,0.0008000000000000229,False,False,0.0008000000000000229,,0,,-1,-1,-1,1,87,5,pullback_range,1,0.58422,0.58243,69,72,0.58422,0.58243,,69,0.58422,,48,0.5818,,1,0.58422,0.5818,SEEK_BREAKOUT,CONFIRMED,0,,,68
2025-12-26 18:45:00+00:00,0.58311,0.58313,0.58296,0.58298,355,0.00012999999999996348,0.00017000000000000348,2.0000000000020002e-05,2.0000000000020002e-05,-1,0.583045,0.7647058823527106,maru,0,False,False,False,0.0008000000000000229,False,False,0.0008000000000000229,False,False,0.0008000000000000229,,0,,-1,-1,-1,1,87,4,pullback_range,1,0.58422,0.58243,69,72,0.58422,0.58243,,69,0.58422,,48,0.5818,,1,0.58422,0.5818,SEEK_BREAKOUT,CONFIRMED,0,,,68
2025-12-26 19:00:00+00:00,0.58298,0.58306,0.58276,0.58277,539,0.00021000000000004349,0.000300000000000078,7.999999999996898e-05,1.0000000000065512e-05,-1,0.58291,0.699999999999963,maru,0,True,False,False,0.0008000000000000229,False,False,0.0008000000000000229,False,False,0.0008000000000000229,,0,,-1,-1,-1,1,86,2,pullback_range,1,0.58422,0.58243,69,72,0.58422,0.58243,,69,0.58422,,48,0.5818,,1,0.58422,0.5818,SEEK_BREAKOUT,CONFIRMED,0,,,68
2025-12-26 19:15:00+00:00,0.58279,0.58298,0.58276,0.58276,253,3.0000000000085514e-05,0.000220000000000109,0.00019000000000002348,0.0,-1,0.58287,0.1363636363639575,pinbar,-1,False,False,False,0.0008000000000000229,False,False,0.0008000000000000229,False,False,0.0008000000000000229,,0,,-1,-1,-1,1,87,2,pullback_range,1,0.58422,0.58243,69,72,0.58422,0.58243,,69,0.58422,,48,0.5818,,1,0.58422,0.5818,SEEK_BREAKOUT,CONFIRMED,0,,,68
2025-12-26 19:30:00+00:00,0.58278,0.58282,0.58268,0.58281,250,3.0000000000085514e-05,0.000140000000000029,9.99999999995449e-06,9.999999999998899e-05,1,0.58275,0.21428571428628074,pinbar,1,False,False,False,0.0008000000000000229,False,False,0.0008000000000000229,False,False,0.0008000000000000229,,0,,-1,-1,-1,0,-1,-1,pullback_range,1,0.58422,0.58243,69,72,0.58422,0.58243,,69,0.58422,,48,0.5818,,1,0.58422,0.5818,SEEK_BREAKOUT,CONFIRMED,0,,,68
2025-12-26 19:45:00+00:00,0.58284,0.58306,0.58273,0.58296,239,0.00012000000000000899,0.0003300000000000525,9.999999999998899e-05,0.0001100000000000545,1,0.5828949999999999,0.36363636363633306,pinbar,0,False,False,False,0.0008000000000000229,False,False,0.0008000000000000229,False,False,0.0008000000000000229,,0,,-1,-1,-1,1,89,2,pullback_range,1,0.58422,0.58243,69,72,0.58422,0.58243,,69,0.58422,,48,0.5818,,1,0.58422,0.5818,SEEK_BREAKOUT,CONFIRMED,0,,,68
2025-12-26 20:00:00+00:00,0.58298,0.58316,0.58292,0.58294,287,4.0000000000040004e-05,0.00024000000000001798,0.00017999999999995797,2.0000000000020002e-05,-1,0.58304,0.16666666666682087,pinbar,-1,False,False,False,0.0008000000000000229,False,False,0.0008000000000000229,False,False,0.0008000000000000229,,0,,-1,-1,-1,1,90,2,pullback_range,1,0.58422,0.58243,69,72,0.58422,0.58243,,69,0.58422,,48,0.5818,,1,0.58422,0.5818,SEEK_BREAKOUT,CONFIRMED,0,,,68
2025-12-26 20:15:00+00:00,0.58294,0.58302,0.58292,0.58298,156,4.0000000000040004e-05,9.999999999998899e-05,3.999999999992898e-05,2.0000000000020002e-05,1,0.58297,0.4000000000004441,normal,0,False,False,False,0.0008000000000000229,False,False,0.0008000000000000229,False,False,0.0008000000000000229,,0,,-1,-1,-1,1,94,5,pullback_range,1,0.58422,0.58243,69,72,0.58422,0.58243,,69,0.58422,,48,0.5818,,1,0.58422,0.5818,SEEK_BREAKOUT,CONFIRMED,0,,,68
2025-12-26 20:30:00+00:00,0.58299,0.58321,0.58298,0.58314,208,0.00014999999999998348,0.00022999999999995246,7.00000000000145e-05,9.99999999995449e-06,1,0.583095,0.6521739130435412,normal,0,True,False,False,0.0008000000000000229,False,False,0.0008000000000000229,False,False,0.0008000000000000229,,0,,-1,-1,-1,1,92,2,pullback_range,1,0.58422,0.58243,69,72,0.58422,0.58243,,69,0.58422,,48,0.5818,,1,0.58422,0.5818,SEEK_BREAKOUT,CONFIRMED,0,,,68
2025-12-26 20:45:00+00:00,0.58314,0.58325,0.583,0.58325,238,0.0001100000000000545,0.0002500000000000835,0.0,0.000140000000000029,1,0.583125,0.44000000000007106,normal,0,False,False,False,0.0008000000000000229,False,False,0.0008000000000000229,False,False,0.0008000000000000229,,0,,-1,-1,-1,1,93,2,pullback_range,1,0.58422,0.58243,69,72,0.58422,0.58243,,69,0.58422,,48,0.5818,,1,0.58422,0.5818,SEEK_BREAKOUT,CONFIRMED,0,,,68
2025-12-26 21:00:00+00:00,0.58326,0.58331,0.58302,0.58316,153,9.999999999998899e-05,0.00029000000000001247,4.999999999999449e-05,0.000140000000000029,-1,0.5831649999999999,0.34482758620684373,pinbar,0,False,False,False,0.0008000000000000229,False,False,0.0008000000000000229,False,False,0.0008000000000000229,,0,,-1,-1,-1,1,95,3,pullback_range,1,0.58422,0.58243,69,72,0.58422,0.58243,,69,0.58422,,48,0.5818,,1,0.58422,0.5818,SEEK_BREAKOUT,CONFIRMED,0,,,68
2025-12-26 21:15:00+00:00,0.58318,0.58323,0.58305,0.5832,169,2.0000000000020002e-05,0.000180000000000069,2.999999999997449e-05,0.0001300000000000745,1,0.58314,0.11111111111117965,pinbar,1,False,False,False,0.0008000000000000229,False,False,0.0008000000000000229,False,False,0.0008000000000000229,,0,,-1,-1,-1,1,95,2,pullback_range,1,0.58422,0.58243,69,72,0.58422,0.58243,,69,0.58422,,48,0.5818,,1,0.58422,0.5818,SEEK_BREAKOUT,CONFIRMED,0,,,68
2025-12-26 21:30:00+00:00,0.58318,0.58319,0.58276,0.58294,307,0.00024000000000001798,0.00043000000000004146,9.99999999995449e-06,0.000180000000000069,-1,0.582975,0.5581395348837089,normal,0,True,False,True,0.0008000000000000229,False,True,0.0008000000000000229,False,True,0.0008000000000000229,,0,,-1,-1,-1,1,97,3,pullback_range,1,0.58422,0.58243,69,72,0.58422,0.58243,,69,0.58422,,48,0.5818,,1,0.58422,0.5818,SEEK_BREAKOUT,CONFIRMED,0,,,68
2025-12-26 21:45:00+00:00,0.58294,0.58306,0.58253,0.58306,2418,0.00012000000000000899,0.0005300000000000304,0.0,0.00041000000000002146,1,0.582795,0.2264150943396266,pinbar,1,False,False,False,0.0008000000000000229,False,False,0.0008000000000000229,False,False,0.0008000000000000229,,0,,-1,-1,-1,1,97,2,pullback_range,1,0.58422,0.58243,69,72,0.58422,0.58243,,69,0.58422,,48,0.5818,,1,0.58422,0.5818,SEEK_BREAKOUT,CONFIRMED,0,,,68
2025-12-28 22:00:00+00:00,0.58267,0.58276,0.58263,0.5827,63,2.999999999997449e-05,0.00012999999999996348,5.999999999994898e-05,4.0000000000040004e-05,1,0.582695,0.2307692307690994,pinbar,0,False,False,False,0.0008000000000000229,False,False,0.0008000000000000229,False,False,0.0008000000000000229,,0,,-1,-1,-1,1,98,2,pullback_range,1,0.58422,0.58243,69,72,0.58422,0.58243,,69,0.58422,,48,0.5818,,1,0.58422,0.5818,SEEK_BREAKOUT,CONFIRMED,0,,,68
2025-12-28 22:15:00+00:00,0.58268,0.58298,0.58268,0.58281,200,0.0001300000000000745,0.000300000000000078,0.00017000000000000348,0.0,1,0.58283,0.433333333333469,normal,0,False,False,False,0.0008000000000000229,False,False,0.0008000000000000229,False,False,0.0008000000000000229,,0,,-1,-1,-1,1,99,2,pullback_range,1,0.58422,0.58243,69,72,0.58422,0.58243,,69,0.58422,,48,0.5818,,1,0.58422,0.5818,SEEK_BREAKOUT,CONFIRMED,0,,,68
2025-12-28 22:30:00+00:00,0.58281,0.58284,0.58256,0.58266,764,0.0001500000000000945,0.000280000000000058,2.999999999997449e-05,9.999999999998899e-05,-1,0.5827,0.5357142857145123,normal,0,False,False,False,0.0008000000000000229,False,False,0.0008000000000000229,False,False,0.0008000000000000229,,0,,-1,-1,-1,1,101,3,pullback_range,1,0.58422,0.58243,69,72,0.58422,0.58243,,69,0.58422,,48,0.5818,,1,0.58422,0.5818,SEEK_BREAKOUT,CONFIRMED,0,,,68
2025-12-28 22:45:00+00:00,0.58264,0.5829,0.58249,0.58274,600,9.999999999998899e-05,0.00041000000000002146,0.00015999999999993797,0.0001500000000000945,1,0.582695,0.2439024390243506,pinbar,0,False,False,False,0.0008000000000000229,False,False,0.0008000000000000229,False,False,0.0008000000000000229,,0,,-1,-1,-1,1,101,2,pullback_range,1,0.58422,0.58243,69,72,0.58422,0.58243,,69,0.58422,,48,0.5818,,1,0.58422,0.5818,SEEK_BREAKOUT,CONFIRMED,0,,,68
2025-12-28 23:00:00+00:00,0.58273,0.583,0.58254,0.58299,715,0.000260000000000038,0.00046000000000001595,9.99999999995449e-06,0.00019000000000002348,1,0.58277,0.5652173913044107,normal,0,True,False,True,0.0008000000000000229,False,True,0.0008000000000000229,False,True,0.0008000000000000229,,0,,-1,-1,-1,1,102,2,pullback_range,1,0.58422,0.58243,69,72,0.58422,0.58243,,69,0.58422,,48,0.5818,,1,0.58422,0.5818,SEEK_BREAKOUT,CONFIRMED,0,,,68
2025-12-28 23:15:00+00:00,0.58298,0.58306,0.58266,0.58267,404,0.00031000000000003247,0.00040000000000006697,7.999999999996898e-05,1.0000000000065512e-05,-1,0.5828599999999999,0.7749999999999514,maru,0,True,False,True,0.0008000000000000229,False,True,0.0008000000000000229,False,True,0.0008000000000000229,,0,,-1,-1,-1,1,104,3,pullback_range,1,0.58422,0.58243,69,72,0.58422,0.58243,,69,0.58422,,48,0.5818,,1,0.58422,0.5818,SEEK_BREAKOUT,CONFIRMED,0,,,68
2025-12-28 23:30:00+00:00,0.58267,0.5827,0.58253,0.58262,139,4.999999999999449e-05,0.00017000000000000348,2.999999999997449e-05,9.00000000000345e-05,-1,0.582615,0.2941176470587851,pinbar,1,False,False,False,0.0008000000000000229,False,False,0.0008000000000000229,False,False,0.0008000000000000229,,0,,-1,-1,-1,1,107,5,pullback_range,1,0.58422,0.58243,69,72,0.58422,0.58243,,69,0.58422,,48,0.5818,,1,0.58422,0.5818,SEEK_BREAKOUT,CONFIRMED,0,,,68
2025-12-28 23:45:00+00:00,0.58264,0.58272,0.5825,0.58263,246,1.0000000000065512e-05,0.00021999999999999797,7.999999999996898e-05,0.00012999999999996348,-1,0.5826100000000001,0.045454545454843655,pinbar,1,False,False,False,0.0008000000000000229,False,False,0.0008000000000000229,False,False,0.0008000000000000229,,0,,-1,-1,-1,1,107,4,pullback_range,1,0.58422,0.58243,69,72,0.58422,0.58243,,69,0.58422,,48,0.5818,,1,0.58422,0.5818,SEEK_BREAKOUT,CONFIRMED,0,,,68
2025-12-29 00:00:00+00:00,0.58263,0.58298,0.58255,0.58294,813,0.00031000000000003247,0.00043000000000004146,4.0000000000040004e-05,7.999999999996898e-05,1,0.582765,0.7209302325581456,maru,0,True,False,True,0.0008000000000000229,False,True,0.0008000000000000229,False,True,0.0008000000000000229,,0,,-1,-1,-1,1,107,3,pullback_range,1,0.58422,0.58243,69,72,0.58422,0.58243,,69,0.58422,,48,0.5818,,1,0.58422,0.5818,SEEK_BREAKOUT,CONFIRMED,0,,,68
2025-12-29 00:15:00+00:00,0.58294,0.58326,0.58285,0.5831,485,0.00015999999999993797,0.00041000000000002146,0.000160000000000049,9.00000000000345e-05,1,0.583055,0.39024390243885265,pinbar,0,False,False,False,0.0008000000000000229,False,False,0.0008000000000000229,False,False,0.0008000000000000229,,0,,-1,-1,-1,1,108,3,pullback_range,1,0.58422,0.58243,69,72,0.58422,0.58243,,69,0.58422,,48,0.5818,,1,0.58422,0.5818,SEEK_BREAKOUT,CONFIRMED,0,,,68
2025-12-29 00:30:00+00:00,0.5831,0.58332,0.58302,0.58313,721,3.0000000000085514e-05,0.00029999999999996696,0.00018999999999991246,7.999999999996898e-05,1,0.58317,0.10000000000029606,pinbar,-1,False,False,False,0.0008000000000000229,False,False,0.0008000000000000229,False,False,0.0008000000000000229,,0,,-1,-1,-1,1,110,4,pullback_range,1,0.58422,0.58243,69,72,0.58422,0.58243,,69,0.58422,,48,0.5818,,1,0.58422,0.5818,SEEK_BREAKOUT,CONFIRMED,0,,,68
2025-12-29 00:45:00+00:00,0.58312,0.58321,0.5826,0.5827,829,0.00041999999999997595,0.0006099999999999994,9.00000000000345e-05,9.999999999998899e-05,-1,0.582905,0.6885245901638957,maru,0,False,True,True,0.0008000000000000229,True,True,0.0008000000000000229,True,True,0.0008000000000000229,,0,,-1,-1,-1,1,109,2,pullback_range,1,0.58422,0.58243,69,72,0.58422,0.58243,,69,0.58422,,48,0.5818,,1,0.58422,0.5818,SEEK_BREAKOUT,CONFIRMED,0,,,68
2025-12-29 01:00:00+00:00,0.58272,0.58302,0.58259,0.58294,856,0.00021999999999999797,0.00042999999999993044,7.999999999996898e-05,0.00012999999999996348,1,0.582805,0.5116279069768223,normal,0,False,False,True,0.0006099999999999994,False,True,0.0008000000000000229,False,True,0.0008000000000000229,,0,,-1,-1,-1,1,111,3,pullback_range,1,0.58422,0.58243,69,72,0.58422,0.58243,,69,0.58422,,48,0.5818,,1,0.58422,0.5818,SEEK_BREAKOUT,CONFIRMED,0,,,68
2025-12-29 01:15:00+00:00,0.58296,0.58316,0.58274,0.58277,703,0.00019000000000002348,0.00041999999999997595,0.00019999999999997797,2.999999999997449e-05,-1,0.5829500000000001,0.4523809523810342,normal,0,False,False,True,0.0006099999999999994,False,True,0.0006099999999999994,False,True,0.0008000000000000229,,0,,-1,-1,-1,1,111,2,pullback_range,1,0.58422,0.58243,69,72,0.58422,0.58243,,69,0.58422,,48,0.5818,,1,0.58422,0.5818,SEEK_BREAKOUT,CONFIRMED,0,,,68
2025-12-29 01:30:00+00:00,0.58276,0.58304,0.58261,0.58303,937,0.0002700000000001035,0.00043000000000004146,9.99999999995449e-06,0.00014999999999998348,1,0.5828249999999999,0.6279069767443661,normal,0,True,False,True,0.0006099999999999994,False,True,0.0006099999999999994,False,True,0.0006099999999999994,,0,,-1,-1,-1,1,112,2,pullback_range,1,0.58422,0.58243,69,72,0.58422,0.58243,,69,0.58422,,48,0.5818,,1,0.58422,0.5818,SEEK_BREAKOUT,CONFIRMED,0,,,68
2025-12-29 01:45:00+00:00,0.58304,0.58308,0.58276,0.58293,743,0.0001100000000000545,0.000320000000000098,4.0000000000040004e-05,0.00017000000000000348,-1,0.58292,0.34375000000006506,pinbar,1,False,False,False,0.0006099999999999994,False,False,0.0006099999999999994,False,False,0.0006099999999999994,,0,,-1,-1,-1,1,114,3,pullback_range,1,0.58422,0.58243,69,72,0.58422,0.58243,,69,0.58422,,48,0.5818,,1,0.58422,0.5818,SEEK_BREAKOUT,CONFIRMED,0,,,68
2025-12-29 02:00:00+00:00,0.5829,0.58311,0.5828,0.5828,644,9.999999999998899e-05,0.00031000000000003247,0.00021000000000004349,0.0,-1,0.582955,0.322580645161221,pinbar,-1,False,False,False,0.0006099999999999994,False,False,0.0006099999999999994,False,False,0.0006099999999999994,,0,,-1,-1,-1,1,116,4,pullback_range,1,0.58422,0.58243,69,72,0.58422,0.58243,,69,0.58422,,48,0.5818,,1,0.58422,0.5818,SEEK_BREAKOUT,CONFIRMED,0,,,68
2025-12-29 02:15:00+00:00,0.58281,0.58282,0.58256,0.58258,786,0.0002300000000000635,0.000260000000000038,9.99999999995449e-06,2.0000000000020002e-05,-1,0.5826899999999999,0.8846153846154996,maru,0,True,False,False,0.0006099999999999994,False,False,0.0006099999999999994,False,False,0.0006099999999999994,,0,,-1,-1,-1,0,-1,-1,pullback_range,1,0.58422,0.58243,69,72,0.58422,0.58243,,69,0.58422,,48,0.5818,,1,0.58422,0.5818,SEEK_BREAKOUT,CONFIRMED,0,,,68
2025-12-29 02:30:00+00:00,0.58258,0.58284,0.58253,0.58279,465,0.00021000000000004349,0.00031000000000003247,4.999999999999449e-05,4.999999999999449e-05,1,0.582685,0.677419354838779,maru,0,False,False,True,0.0006099999999999994,False,True,0.0006099999999999994,False,True,0.0006099999999999994,,0,,-1,-1,-1,0,-1,-1,pullback_range,1,0.58422,0.58243,69,72,0.58422,0.58243,,69,0.58422,,48,0.5818,,1,0.58422,0.5818,SEEK_BREAKOUT,CONFIRMED,0,,,68
2025-12-29 02:45:00+00:00,0.5828,0.58336,0.58276,0.58314,488,0.00034000000000000696,0.0006000000000000449,0.00021999999999999797,4.0000000000040004e-05,1,0.5830599999999999,0.5666666666666358,normal,0,True,False,True,0.0006099999999999994,False,True,0.0006099999999999994,False,True,0.0006099999999999994,,0,,-1,-1,-1,1,117,2,pullback_range,1,0.58422,0.58243,69,72,0.58422,0.58243,,69,0.58422,,48,0.5818,,1,0.58422,0.5818,SEEK_BREAKOUT,CONFIRMED,0,,,68
2025-12-29 03:00:00+00:00,0.58313,0.58319,0.58288,0.58288,524,0.0002500000000000835,0.00031000000000003247,5.999999999994898e-05,0.0,-1,0.583035,0.8064516129034106,maru,0,True,False,True,0.0006099999999999994,False,True,0.0006099999999999994,False,True,0.0006099999999999994,,0,,-1,-1,-1,1,119,3,pullback_range,1,0.58422,0.58243,69,72,0.58422,0.58243,,69,0.58422,,48,0.5818,,1,0.58422,0.5818,SEEK_BREAKOUT,CONFIRMED,0,,,68
2025-12-29 03:15:00+00:00,0.58288,0.58298,0.5828,0.58286,391,1.999999999990898e-05,0.000180000000000069,0.00010000000000010001,6.0000000000060005e-05,-1,0.58289,0.11111111111056285,pinbar,-1,False,False,False,0.0006099999999999994,False,False,0.0006099999999999994,False,False,0.0006099999999999994,,0,,-1,-1,-1,1,122,5,pullback_range,1,0.58422,0.58243,69,72,0.58422,0.58243,,69,0.58422,,48,0.5818,,1,0.58422,0.5818,SEEK_BREAKOUT,CONFIRMED,0,,,68
2025-12-29 03:30:00+00:00,0.58286,0.58322,0.58285,0.5832,355,0.00034000000000000696,0.00036999999999998145,1.999999999990898e-05,1.0000000000065512e-05,1,0.583035,0.9189189189189838,maru,0,True,False,True,0.0006099999999999994,False,True,0.0006099999999999994,False,True,0.0006099999999999994,,0,,-1,-1,-1,1,120,2,pullback_range,1,0.58422,0.58243,69,72,0.58422,0.58243,,69,0.58422,,48,0.5818,,1,0.58422,0.5818,SEEK_BREAKOUT,CONFIRMED,0,,,68
2025-12-29 03:45:00+00:00,0.58317,0.5833,0.58295,0.583,288,0.00017000000000000348,0.0003500000000000725,0.0001300000000000745,4.999999999999449e-05,-1,0.583125,0.48571428571419506,normal,0,False,False,True,0.0006099999999999994,False,True,0.0006099999999999994,False,True,0.0006099999999999994,,0,,-1,-1,-1,1,121,2,pullback_range,1,0.58422,0.58243,69,72,0.58422,0.58243,,69,0.58422,,48,0.5818,,1,0.58422,0.5818,SEEK_BREAKOUT,CONFIRMED,0,,,68
2025-12-29 04:00:00+00:00,0.583,0.58318,0.58279,0.58314,279,0.000140000000000029,0.00039000000000000146,4.0000000000040004e-05,0.00020999999999993246,1,0.5829850000000001,0.358974358974432,pinbar,1,False,False,False,0.0006099999999999994,False,False,0.0006099999999999994,False,False,0.0006099999999999994,,0,,-1,-1,-1,1,122,2,pullback_range,1,0.58422,0.58243,69,72,0.58422,0.58243,,69,0.58422,,48,0.5818,,1,0.58422,0.5818,SEEK_BREAKOUT,CONFIRMED,0,,,68
2025-12-29 04:15:00+00:00,0.58315,0.58316,0.58296,0.5831,349,4.999999999999449e-05,0.00019999999999997797,1.0000000000065512e-05,0.00013999999999991797,-1,0.58306,0.25,pinbar,1,False,False,False,0.0006099999999999994,False,False,0.0006099999999999994,False,False,0.0006099999999999994,,0,,-1,-1,-1,0,-1,-1,pullback_range,1,0.58422,0.58243,69,72,0.58422,0.58243,,69,0.58422,,48,0.5818,,1,0.58422,0.5818,SEEK_BREAKOUT,CONFIRMED,0,,,68
2025-12-29 04:30:00+00:00,0.5831,0.58314,0.58278,0.58281,426,0.00028999999999990145,0.00036000000000002697,4.0000000000040004e-05,3.0000000000085514e-05,-1,0.5829599999999999,0.8055555555552215,maru,0,True,False,True,0.0006099999999999994,False,True,0.0006099999999999994,False,True,0.0006099999999999994,,0,,-1,-1,-1,0,-1,-1,pullback_range,1,0.58422,0.58243,69,72,0.58422,0.58243,,69,0.58422,,48,0.5818,,1,0.58422,0.5818,SEEK_BREAKOUT,CONFIRMED,0,,,68
2025-12-29 04:45:00+00:00,0.58279,0.58279,0.5825,0.58252,277,0.00026999999999999247,0.00029000000000001247,0.0,2.0000000000020002e-05,-1,0.5826450000000001,0.9310344827585547,maru,0,True,True,True,0.00036999999999998145,False,False,0.0006099999999999994,False,False,0.0006099999999999994,double_maru,-1,SUCCESS,122,123,-1,0,-1,-1,pullback_range,1,0.58422,0.58243,69,72,0.58422,0.58243,,69,0.58422,,48,0.5818,,1,0.58422,0.5818,SEEK_BREAKOUT,CONFIRMED,0,,,68
2025-12-29 05:00:00+00:00,0.58252,0.58254,0.5821,0.58226,559,0.000260000000000038,0.00043999999999999595,1.999999999990898e-05,0.000160000000000049,-1,0.58232,0.5909090909091826,normal,0,True,False,True,0.00036999999999998145,False,True,0.00036999999999998145,False,True,0.0006099999999999994,one_maru_continuous,-1,SUCCESS,123,124,-1,1,126,2,pullback,1,0.58422,0.5821,69,72,0.58422,0.5821,0.6538461538460717,69,0.58422,,48,0.5818,,1,0.58422,0.5818,SEEK_BREAKOUT,CONFIRMED,0,,,68
2025-12-29 05:15:00+00:00,0.58227,0.58227,0.58198,0.58217,308,9.999999999998899e-05,0.00028999999999990145,0.0,0.00018999999999991246,-1,0.582125,0.34482758620697573,pinbar,1,False,False,False,0.00036999999999998145,False,False,0.00036999999999998145,False,False,0.00036999999999998145,,0,,-1,-1,-1,1,129,4,pullback,1,0.58422,0.58198,69,72,0.58422,0.58198,,69,0.58422,,48,0.5818,,1,0.58422,0.5818,SEEK_BREAKOUT,CONFIRMED,0,,,68
2025-12-29 05:30:00+00:00,0.58218,0.58235,0.58209,0.58214,591,4.0000000000040004e-05,0.000260000000000038,0.00017000000000000348,4.999999999999449e-05,-1,0.58222,0.15384615384628522,pinbar,-1,False,False,False,0.00036999999999998145,False,False,0.00036999999999998145,False,False,0.00036999999999998145,,0,,-1,-1,-1,0,-1,-1,pullback_range,1,0.58422,0.58198,69,72,0.58422,0.58198,,69,0.58422,,48,0.5818,,1,0.58422,0.5818,SEEK_BREAKOUT,CONFIRMED,0,,,68
2025-12-29 05:45:00+00:00,0.58217,0.58225,0.58195,0.58196,507,0.00020999999999993246,0.000300000000000078,8.000000000008001e-05,1.0000000000065512e-05,-1,0.5821000000000001,0.699999999999593,maru,0,True,True,True,0.00036999999999998145,True,True,0.00036999999999998145,True,True,0.00036999999999998145,,0,,-1,-1,-1,1,129,2,pullback,1,0.58422,0.58195,69,72,0.58422,0.58195,0.09523809523822112,69,0.58422,,48,0.5818,,1,0.58422,0.5818,SEEK_BREAKOUT,CONFIRMED,0,,,68
2025-12-29 06:00:00+00:00,0.58196,0.58221,0.58178,0.58179,604,0.00017000000000000348,0.00043000000000004146,0.00024999999999997247,1.0000000000065512e-05,-1,0.581995,0.39534883720927233,pinbar,-1,False,False,False,0.00036999999999998145,False,False,0.00036999999999998145,False,False,0.00036999999999998145,,0,,-1,-1,-1,1,131,3,pullback,1,0.58422,0.58178,69,72,0.58422,0.58178,0.9411764705878511,69,0.58422,,48,0.5818,,1,0.58422,0.58178,SEEK_BREAKOUT,CONFIRMED,0,,,68
2025-12-29 06:15:00+00:00,0.58179,0.58215,0.58166,0.58202,457,0.00022999999999995246,0.0004899999999999904,0.00012999999999996348,0.0001300000000000745,1,0.5819049999999999,0.46938775510195296,normal,0,False,False,True,0.00036999999999998145,False,True,0.00036999999999998145,False,True,0.00036999999999998145,,0,,-1,-1,-1,1,131,2,pullback,1,0.58422,0.58166,69,72,0.58422,0.58166,,69,0.58422,,48,0.5818,,1,0.58422,0.58166,SEEK_BREAKOUT,CONFIRMED,0,,,68
2025-12-29 06:30:00+00:00,0.58203,0.5821,0.58166,0.58174,669,0.00029000000000001247,0.00043999999999999595,6.999999999990347e-05,8.000000000008001e-05,-1,0.58188,0.6590909090909435,normal,0,False,False,True,0.00036999999999998145,False,True,0.00036999999999998145,False,True,0.00036999999999998145,one_maru_continuous,-1,CONFIRMED,127,128,130,1,132,2,pullback_range,1,0.58422,0.58166,69,72,0.58422,0.58166,,69,0.58422,,48,0.5818,,1,0.58422,0.58166,SEEK_BREAKOUT,CONFIRMED,0,,,68
2025-12-29 06:45:00+00:00,0.58174,0.58196,0.58166,0.58194,681,0.00019999999999997797,0.000300000000000078,2.0000000000020002e-05,8.000000000008001e-05,1,0.5818099999999999,0.6666666666664199,maru,0,True,True,True,0.00036999999999998145,True,True,0.00036999999999998145,True,True,0.00036999999999998145,,0,,-1,-1,-1,1,135,4,pullback_range,1,0.58422,0.58166,69,72,0.58422,0.58166,,69,0.58422,,48,0.5818,,1,0.58422,0.58166,SEEK_BREAKOUT,CONFIRMED,0,,,68
2025-12-29 07:00:00+00:00,0.58196,0.58204,0.58156,0.5819,1211,6.0000000000060005e-05,0.00048000000000003595,7.999999999996898e-05,0.00034000000000000696,-1,0.5818,0.12500000000011566,pinbar,1,False,False,False,0.00036999999999998145,False,False,0.00036999999999998145,False,False,0.00036999999999998145,,0,,-1,-1,-1,1,135,3,pullback,1,0.58422,0.58156,69,72,0.58422,0.58156,,69,0.58422,,48,0.5818,,1,0.58422,0.58156,SEEK_BREAKOUT,CONFIRMED,0,,,68
2025-12-29 07:15:00+00:00,0.5819,0.58233,0.58182,0.58229,817,0.00039000000000000146,0.0005100000000000104,4.0000000000040004e-05,7.999999999996898e-05,1,0.582075,0.7647058823529284,maru,0,True,True,True,0.00036999999999998145,True,True,0.00036999999999998145,True,True,0.00036999999999998145,,0,,-1,-1,-1,1,135,2,pullback_range,1,0.58422,0.58156,69,72,0.58422,0.58156,,69,0.58422,,48,0.5818,,1,0.58422,0.58156,SEEK_BREAKOUT,CONFIRMED,0,,,68
2025-12-29 07:30:00+00:00,0.58232,0.58251,0.582,0.58205,889,0.00026999999999999247,0.0005100000000000104,0.00019000000000002348,4.999999999999449e-05,-1,0.582255,0.5294117647058567,normal,0,True,False,True,0.0005100000000000104,False,True,0.00036999999999998145,False,True,0.00036999999999998145,,0,,-1,-1,-1,0,-1,-1,pullback_range,1,0.58422,0.58156,69,72,0.58422,0.58156,,69,0.58422,,48,0.5818,,1,0.58422,0.58156,SEEK_BREAKOUT,CONFIRMED,0,,,68
2025-12-29 07:45:00+00:00,0.58204,0.58218,0.58184,0.58186,819,0.00017999999999995797,0.00034000000000000696,0.000140000000000029,2.0000000000020002e-05,-1,0.58201,0.5294117647057479,normal,0,True,False,True,0.0005100000000000104,False,True,0.0005100000000000104,False,True,0.00036999999999998145,,0,,-1,-1,-1,0,-1,-1,pullback_range,1,0.58422,0.58156,69,72,0.58422,0.58156,,69,0.58422,,48,0.5818,,1,0.58422,0.58156,SEEK_BREAKOUT,CONFIRMED,0,,,68
2025-12-29 08:00:00+00:00,0.58184,0.58186,0.58078,0.58095,1028,0.0008900000000000574,0.001080000000000081,2.0000000000020002e-05,0.00017000000000000348,-1,0.5813200000000001,0.8240740740740655,maru,0,True,True,True,0.0005100000000000104,True,True,0.0005100000000000104,True,True,0.0005100000000000104,continuous,-1,SUCCESS,134,136,-1,1,138,2,pullback,1,0.58422,0.58078,69,72,0.58422,0.58078,0.6853932584269214,69,0.58422,,48,0.5818,,1,0.58422,0.58078,SEEK_BREAKOUT,CONFIRMED,0,,,68
2025-12-29 08:15:00+00:00,0.58096,0.58148,0.58094,0.58128,712,0.00031999999999998696,0.0005399999999999849,0.00019999999999997797,2.0000000000020002e-05,1,0.58121,0.592592592592585,normal,0,True,False,False,0.001080000000000081,False,True,0.0005100000000000104,False,True,0.0005100000000000104,,0,,-1,-1,-1,1,139,2,pullback_range,1,0.58422,0.58078,69,72,0.58422,0.58078,,69,0.58422,,48,0.5818,,1,0.58422,0.58078,SEEK_BREAKOUT,CONFIRMED,0,,,68
2025-12-29 08:30:00+00:00,0.5813,0.58177,0.5813,0.5815,831,0.00019999999999997797,0.00046999999999997044,0.00026999999999999247,0.0,1,0.581535,0.42553191489359693,normal,0,False,False,False,0.001080000000000081,False,False,0.001080000000000081,False,True,0.0005100000000000104,,0,,-1,-1,-1,0,-1,-1,pullback_range,1,0.58422,0.58078,69,72,0.58422,0.58078,,69,0.58422,,48,0.5818,,1,0.58422,0.58078,SEEK_BREAKOUT,CONFIRMED,0,,,68
2025-12-29 08:45:00+00:00,0.58152,0.5818,0.58134,0.58136,877,0.000160000000000049,0.00046000000000001595,0.00027999999999994696,2.0000000000020002e-05,-1,0.5815699999999999,0.34782608695661615,pinbar,-1,False,False,False,0.001080000000000081,False,False,0.001080000000000081,False,False,0.001080000000000081,,0,,-1,-1,-1,0,-1,-1,pullback_range,1,0.58422,0.58078,69,72,0.58422,0.58078,,69,0.58422,,48,0.5818,,1,0.58422,0.58078,SEEK_BREAKOUT,CONFIRMED,0,,,68
2025-12-29 09:00:00+00:00,0.58136,0.58144,0.5803,0.5808,1072,0.0005600000000000049,0.0011399999999999189,7.999999999996898e-05,0.0004999999999999449,-1,0.58087,0.49122807017547787,normal,0,False,False,True,0.001080000000000081,False,True,0.001080000000000081,False,True,0.001080000000000081,,0,,-1,-1,-1,1,142,2,pullback,1,0.58422,0.5803,69,72,0.58422,0.5803,,69,0.58422,,48,0.5818,,1,0.58422,0.5803,SEEK_BREAKOUT,CONFIRMED,0,,,68
2025-12-29 09:15:00+00:00,0.58082,0.58086,0.58048,0.58062,656,0.00019999999999997797,0.00038000000000004697,4.0000000000040004e-05,0.000140000000000029,-1,0.58067,0.5263157894735612,normal,0,False,False,False,0.001080000000000081,False,False,0.001080000000000081,False,False,0.001080000000000081,,0,,-1,-1,-1,1,143,2,pullback_range,1,0.58422,0.5803,69,72,0.58422,0.5803,,69,0.58422,,48,0.5818,,1,0.58422,0.5803,SEEK_BREAKOUT,CONFIRMED,0,,,68
2025-12-29 09:30:00+00:00,0.58062,0.58112,0.5806,0.58069,827,7.00000000000145e-05,0.0005199999999999649,0.00042999999999993044,2.0000000000020002e-05,1,0.5808599999999999,0.13461538461542158,pinbar,-1,False,False,False,0.001080000000000081,False,False,0.001080000000000081,False,False,0.001080000000000081,,0,,-1,-1,-1,1,144,2,pullback_range,1,0.58422,0.5803,69,72,0.58422,0.5803,,69,0.58422,,48,0.5818,,1,0.58422,0.5803,SEEK_BREAKOUT,CONFIRMED,0,,,68
2025-12-29 09:45:00+00:00,0.58069,0.58078,0.58034,0.58075,875,5.999999999994898e-05,0.00043999999999999595,2.999999999997449e-05,0.0003500000000000725,1,0.58056,0.13636363636352167,pinbar,1,False,False,False,0.001080000000000081,False,False,0.001080000000000081,False,False,0.001080000000000081,,0,,-1,-1,-1,1,145,2,pullback_range,1,0.58422,0.5803,69,72,0.58422,0.5803,,69,0.58422,,48,0.5818,,1,0.58422,0.5803,SEEK_BREAKOUT,CONFIRMED,0,,,68
2025-12-29 10:00:00+00:00,0.58076,0.58109,0.5807,0.58086,706,9.999999999998899e-05,0.00039000000000000146,0.00022999999999995246,6.0000000000060005e-05,1,0.5808949999999999,0.2564102564102272,pinbar,-1,False,False,False,0.001080000000000081,False,False,0.001080000000000081,False,False,0.001080000000000081,,0,,-1,-1,-1,1,146,2,pullback_range,1,0.58422,0.5803,69,72,0.58422,0.5803,,69,0.58422,,48,0.5818,,1,0.58422,0.5803,SEEK_BREAKOUT,CONFIRMED,0,,,68
2025-12-29 10:15:00+00:00,0.58086,0.58095,0.58076,0.58077,572,9.00000000000345e-05,0.00018999999999991246,8.999999999992347e-05,9.99999999995449e-06,-1,0.580855,0.4736842105267156,normal,0,False,False,False,0.001080000000000081,False,False,0.001080000000000081,False,False,0.001080000000000081,,0,,-1,-1,-1,0,-1,-1,pullback_range,1,0.58422,0.5803,69,72,0.58422,0.5803,,69,0.58422,,48,0.5818,,1,0.58422,0.5803,SEEK_BREAKOUT,CONFIRMED,0,,,68
2025-12-29 10:30:00+00:00,0.5808,0.58104,0.58069,0.58071,637,9.00000000000345e-05,0.00034999999999996145,0.00024000000000001798,1.999999999990898e-05,-1,0.580865,0.257142857142984,pinbar,-1,False,False,False,0.001080000000000081,False,False,0.001080000000000081,False,False,0.001080000000000081,,0,,-1,-1,-1,0,-1,-1,pullback_range,1,0.58422,0.5803,69,72,0.58422,0.5803,,69,0.58422,,48,0.5818,,1,0.58422,0.5803,SEEK_BREAKOUT,CONFIRMED,0,,,68
2025-12-29 10:45:00+00:00,0.58074,0.58088,0.58042,0.58046,684,0.000280000000000058,0.00045999999999990493,0.00013999999999991797,3.999999999992898e-05,-1,0.58065,0.6086956521741649,normal,0,True,False,False,0.001080000000000081,False,False,0.001080000000000081,False,False,0.001080000000000081,,0,,-1,-1,-1,0,-1,-1,pullback_range,1,0.58422,0.5803,69,72,0.58422,0.5803,,69,0.58422,,48,0.5818,,1,0.58422,0.5803,SEEK_BREAKOUT,CONFIRMED,0,,,68
2025-12-29 11:00:00+00:00,0.58044,0.58044,0.57996,0.57996,627,0.00047999999999992493,0.00047999999999992493,0.0,0.0,-1,0.5802,1.0,maru,0,True,False,False,0.001080000000000081,False,False,0.001080000000000081,False,False,0.001080000000000081,,0,,-1,-1,-1,1,150,2,pullback,1,0.58422,0.57996,69,72,0.58422,0.57996,0.7083333333334586,69,0.58422,,48,0.5818,,1,0.58422,0.57996,SEEK_BREAKOUT,CONFIRMED,0,,,68
2025-12-29 11:15:00+00:00,0.57996,0.58038,0.5799,0.58027,463,0.00030999999999992145,0.00048000000000003595,0.0001100000000000545,6.0000000000060005e-05,1,0.58014,0.6458333333331213,normal,0,False,False,False,0.001080000000000081,False,False,0.001080000000000081,False,False,0.001080000000000081,,0,,-1,-1,-1,1,151,2,pullback,1,0.58422,0.5799,69,72,0.58422,0.5799,,69,0.58422,,48,0.5818,,1,0.58422,0.5799,SEEK_BREAKOUT,CONFIRMED,0,,,68
2025-12-29 11:30:00+00:00,0.58026,0.5805,0.57989,0.5802,456,5.999999999994898e-05,0.0006099999999999994,0.00024000000000001798,0.00031000000000003247,-1,0.580195,0.09836065573762137,pinbar,1,False,False,False,0.001080000000000081,False,False,0.001080000000000081,False,False,0.001080000000000081,,0,,-1,-1,-1,0,-1,-1,pullback,1,0.58422,0.57989,69,72,0.58422,0.57989,,69,0.58422,,48,0.5818,,1,0.58422,0.57989,SEEK_BREAKOUT,CONFIRMED,0,,,68
2025-12-29 11:45:00+00:00,0.58019,0.58019,0.57992,0.57998,653,0.00020999999999993246,0.00026999999999999247,0.0,6.0000000000060005e-05,-1,0.580055,0.7777777777775493,maru,0,True,False,False,0.001080000000000081,False,False,0.001080000000000081,False,False,0.001080000000000081,,0,,-1,-1,-1,0,-1,-1,pullback_range,1,0.58422,0.57989,69,72,0.58422,0.57989,,69,0.58422,,48,0.5818,,1,0.58422,0.57989,SEEK_BREAKOUT,CONFIRMED,0,,,68
2025-12-29 12:00:00+00:00,0.57998,0.57998,0.57966,0.57972,755,0.000260000000000038,0.000320000000000098,0.0,6.0000000000060005e-05,-1,0.57982,0.8124999999998699,maru,0,True,False,False,0.001080000000000081,False,False,0.001080000000000081,False,False,0.001080000000000081,,0,,-1,-1,-1,1,156,4,pullback,1,0.58422,0.57966,69,72,0.58422,0.57966,0.6538461538460717,69,0.58422,,48,0.5818,,1,0.58422,0.57966,SEEK_BREAKOUT,CONFIRMED,0,,,68
2025-12-29 12:15:00+00:00,0.57972,0.57981,0.57907,0.57926,758,0.00046000000000001595,0.0007400000000000739,9.00000000000345e-05,0.00019000000000002348,-1,0.57944,0.6216216216215811,normal,0,False,False,True,0.001080000000000081,False,True,0.001080000000000081,False,True,0.001080000000000081,one_maru_continuous,-1,CONFIRMED,151,152,153,1,155,2,pullback,1,0.58422,0.57907,69,72,0.58422,0.57907,0.8695652173911784,69,0.58422,,48,0.5818,,1,0.58422,0.57907,SEEK_BREAKOUT,CONFIRMED,0,,,68
2025-12-29 12:30:00+00:00,0.57927,0.57932,0.57902,0.57902,492,0.00024999999999997247,0.00029999999999996696,4.999999999999449e-05,0.0,-1,0.57917,0.8333333333333334,maru,0,True,False,False,0.001080000000000081,False,False,0.001080000000000081,False,False,0.001080000000000081,one_maru_continuous,-1,CONFIRMED,152,153,154,0,-1,-1,pullback,1,0.58422,0.57902,69,72,0.58422,0.57902,0.2,69,0.58422,,48,0.5818,,1,0.58422,0.57902,SEEK_BREAKOUT,CONFIRMED,0,,,68
2025-12-29 12:45:00+00:00,0.57903,0.57968,0.57902,0.57958,478,0.0005499999999999394,0.0006599999999999939,9.999999999998899e-05,1.0000000000065512e-05,1,0.57935,0.8333333333332492,maru,0,True,False,True,0.001080000000000081,False,True,0.001080000000000081,False,True,0.001080000000000081,,0,,-1,-1,-1,1,157,2,pullback_range,1,0.58422,0.57902,69,72,0.58422,0.57902,,69,0.58422,,48,0.5818,,1,0.58422,0.57902,SEEK_BREAKOUT,CONFIRMED,0,,,68
2025-12-29 13:00:00+00:00,0.57961,0.57982,0.57946,0.57971,993,9.999999999998899e-05,0.00036000000000002697,0.0001100000000000545,0.00014999999999998348,1,0.5796399999999999,0.2777777777777264,pinbar,0,False,False,False,0.0006599999999999939,False,False,0.001080000000000081,False,False,0.001080000000000081,,0,,-1,-1,-1,1,158,2,pullback_range,1,0.58422,0.57902,69,72,0.58422,0.57902,,69,0.58422,,48,0.5818,,1,0.58422,0.57902,SEEK_BREAKOUT,CONFIRMED,0,,,68
2025-12-29 13:15:00+00:00,0.5797,0.57973,0.57932,0.57944,808,0.000260000000000038,0.00041000000000002146,2.999999999997449e-05,0.00012000000000000899,-1,0.579525,0.634146341463474,normal,0,True,False,True,0.0006599999999999939,False,True,0.0006599999999999939,False,False,0.001080000000000081,,0,,-1,-1,-1,0,-1,-1,pullback_range,1,0.58422,0.57902,69,72,0.58422,0.57902,,69,0.58422,,48,0.5818,,1,0.58422,0.57902,SEEK_BREAKOUT,CONFIRMED,0,,,68
2025-12-29 13:30:00+00:00,0.57944,0.57989,0.57937,0.57964,832,0.000200000000000089,0.0005199999999999649,0.00024999999999997247,6.999999999990347e-05,1,0.5796300000000001,0.3846153846155817,pinbar,0,False,False,False,0.0006599999999999939,False,False,0.0006599999999999939,False,False,0.0006599999999999939,,0,,-1,-1,-1,0,-1,-1,pullback_range,1,0.58422,0.57902,69,72,0.58422,0.57902,,69,0.58422,,48,0.5818,,1,0.58422,0.57902,SEEK_BREAKOUT,CONFIRMED,0,,,68
2025-12-29 13:45:00+00:00,0.57964,0.58002,0.57946,0.57981,948,0.00017000000000000348,0.0005600000000000049,0.00020999999999993246,0.000180000000000069,1,0.5797399999999999,0.3035714285714321,pinbar,0,False,False,False,0.0006599999999999939,False,False,0.0006599999999999939,False,False,0.0006599999999999939,,0,,-1,-1,-1,1,164,5,pullback_range,1,0.58422,0.57902,69,72,0.58422,0.57902,,69,0.58422,,48,0.5818,,1,0.58422,0.57902,SEEK_BREAKOUT,CONFIRMED,0,,,68
2025-12-29 14:00:00+00:00,0.57981,0.57999,0.57929,0.57999,939,0.00017999999999995797,0.0007000000000000339,0.0,0.000520000000000076,1,0.5796399999999999,0.2571428571427846,pinbar,1,False,False,False,0.0006599999999999939,False,False,0.0006599999999999939,False,False,0.0006599999999999939,,0,,-1,-1,-1,1,164,4,pullback_range,1,0.58422,0.57902,69,72,0.58422,0.57902,,69,0.58422,,48,0.5818,,1,0.58422,0.57902,SEEK_BREAKOUT,CONFIRMED,0,,,68
2025-12-29 14:15:00+00:00,0.57996,0.58018,0.57976,0.58014,817,0.00017999999999995797,0.00041999999999997595,4.0000000000040004e-05,0.00019999999999997797,1,0.5799700000000001,0.42857142857135305,normal,0,False,False,True,0.0006599999999999939,False,True,0.0006599999999999939,False,True,0.0006599999999999939,,0,,-1,-1,-1,1,164,3,pullback_range,1,0.58422,0.57902,69,72,0.58422,0.57902,,69,0.58422,,48,0.5818,,1,0.58422,0.57902,SEEK_BREAKOUT,CONFIRMED,0,,,68
2025-12-29 14:30:00+00:00,0.58013,0.58088,0.57999,0.58072,1198,0.0005899999999999794,0.0008899999999999464,0.00015999999999993797,0.000140000000000029,1,0.580435,0.6629213483146236,maru,0,False,True,True,0.0006599999999999939,True,True,0.0006599999999999939,True,True,0.0006599999999999939,,0,,-1,-1,-1,1,165,3,pullback_range,1,0.58422,0.57902,69,72,0.58422,0.57902,,69,0.58422,,48,0.5818,,1,0.58422,0.57902,SEEK_BREAKOUT,CONFIRMED,0,,,68
2025-12-29 14:45:00+00:00,0.5807,0.58077,0.5804,0.58051,1446,0.00019000000000002348,0.00036999999999998145,7.00000000000145e-05,0.00010999999999994348,-1,0.580585,0.5135135135136027,normal,0,False,False,False,0.0008899999999999464,False,True,0.0006599999999999939,False,True,0.0006599999999999939,,0,,-1,-1,-1,1,166,3,pullback_range,1,0.58422,0.57902,69,72,0.58422,0.57902,,69,0.58422,,48,0.5818,,1,0.58422,0.57902,SEEK_BREAKOUT,CONFIRMED,0,,,68
2025-12-29 15:00:00+00:00,0.58052,0.58052,0.57974,0.57995,1404,0.0005700000000000705,0.0007800000000000029,0.0,0.00020999999999993246,-1,0.58013,0.7307692307693183,maru,0,True,True,True,0.0008899999999999464,True,True,0.0008899999999999464,True,True,0.0006599999999999939,,0,,-1,-1,-1,1,166,2,pullback_range,1,0.58422,0.57902,69,72,0.58422,0.57902,,69,0.58422,,48,0.5818,,1,0.58422,0.57902,SEEK_BREAKOUT,CONFIRMED,0,,,68
2025-12-29 15:15:00+00:00,0.57994,0.5803,0.57952,0.5802,1138,0.000260000000000038,0.0007800000000000029,9.999999999998899e-05,0.00041999999999997595,1,0.57991,0.3333333333333808,pinbar,1,False,False,False,0.0008899999999999464,False,False,0.0008899999999999464,False,False,0.0008899999999999464,,0,,-1,-1,-1,0,-1,-1,pullback_range,1,0.58422,0.57902,69,72,0.58422,0.57902,,69,0.58422,,48,0.5818,,1,0.58422,0.57902,SEEK_BREAKOUT,CONFIRMED,0,,,68
2025-12-29 15:30:00+00:00,0.58018,0.58054,0.57974,0.58046,1365,0.00027999999999994696,0.0007999999999999119,7.999999999996898e-05,0.00043999999999999595,1,0.58014,0.3499999999999722,pinbar,1,False,False,False,0.0008899999999999464,False,False,0.0008899999999999464,False,False,0.0008899999999999464,,0,,-1,-1,-1,1,169,3,pullback_range,1,0.58422,0.57902,69,72,0.58422,0.57902,,69,0.58422,,48,0.5818,,1,0.58422,0.57902,SEEK_BREAKOUT,CONFIRMED,0,,,68
2025-12-29 15:45:00+00:00,0.58047,0.58098,0.58038,0.58098,2092,0.0005100000000000104,0.0006000000000000449,0.0,9.00000000000345e-05,1,0.5806800000000001,0.8499999999999538,maru,0,True,True,True,0.0008899999999999464,True,True,0.0008899999999999464,True,True,0.0008899999999999464,,0,,-1,-1,-1,1,169,2,pullback_range,1,0.58422,0.57902,69,72,0.58422,0.57902,,69,0.58422,,48,0.5818,,1,0.58422,0.57902,SEEK_BREAKOUT,CONFIRMED,0,,,68
2025-12-29 16:00:00+00:00,0.58098,0.58108,0.5807,0.58089,1034,9.00000000000345e-05,0.00038000000000004697,9.999999999998899e-05,0.00019000000000002348,-1,0.58089,0.23684210526321942,pinbar,1,False,False,False,0.0008899999999999464,False,False,0.0008899999999999464,False,False,0.0008899999999999464,,0,,-1,-1,-1,0,-1,-1,pullback_range,1,0.58422,0.57902,69,72,0.58422,0.57902,,69,0.58422,,48,0.5818,,1,0.58422,0.57902,SEEK_BREAKOUT,CONFIRMED,0,,,68
2025-12-29 16:15:00+00:00,0.58091,0.58095,0.58042,0.58042,1059,0.0004899999999999904,0.0005299999999999194,3.999999999992898e-05,0.0,-1,0.580685,0.9245283018869149,maru,0,True,False,True,0.0008899999999999464,False,True,0.0008899999999999464,False,True,0.0008899999999999464,,0,,-1,-1,-1,1,171,2,pullback_range,1,0.58422,0.57902,69,72,0.58422,0.57902,,69,0.58422,,48,0.5818,,1,0.58422,0.57902,SEEK_BREAKOUT,CONFIRMED,0,,,68
2025-12-29 16:30:00+00:00,0.58042,0.58066,0.5803,0.58062,1187,0.00019999999999997797,0.00035999999999991594,3.999999999992898e-05,0.00012000000000000899,1,0.58048,0.5555555555556241,normal,0,False,False,False,0.0008899999999999464,False,False,0.0008899999999999464,False,False,0.0008899999999999464,,0,,-1,-1,-1,1,172,2,pullback_range,1,0.58422,0.57902,69,72,0.58422,0.57902,,69,0.58422,,48,0.5818,,1,0.58422,0.57902,SEEK_BREAKOUT,CONFIRMED,0,,,68
2025-12-29 16:45:00+00:00,0.58062,0.58076,0.5805,0.58055,940,7.00000000000145e-05,0.000260000000000038,0.000140000000000029,4.999999999999449e-05,-1,0.58063,0.26923076923078565,pinbar,-1,False,False,False,0.0008899999999999464,False,False,0.0008899999999999464,False,False,0.0008899999999999464,,0,,-1,-1,-1,0,-1,-1,pullback_range,1,0.58422,0.57902,69,72,0.58422,0.57902,,69,0.58422,,48,0.5818,,1,0.58422,0.57902,SEEK_BREAKOUT,CONFIRMED,0,,,68
2025-12-29 17:00:00+00:00,0.58056,0.58064,0.58038,0.58052,1269,3.999999999992898e-05,0.000260000000000038,8.000000000008001e-05,0.000140000000000029,-1,0.5805100000000001,0.15384615384585823,pinbar,1,False,False,False,0.0008899999999999464,False,False,0.0008899999999999464,False,False,0.0008899999999999464,,0,,-1,-1,-1,1,174,2,pullback_range,1,0.58422,0.57902,69,72,0.58422,0.57902,,69,0.58422,,48,0.5818,,1,0.58422,0.57902,SEEK_BREAKOUT,CONFIRMED,0,,,68
2025-12-29 17:15:00+00:00,0.5805,0.58058,0.58018,0.58041,815,9.00000000000345e-05,0.00039999999999995595,7.999999999996898e-05,0.00022999999999995246,-1,0.58038,0.22500000000011103,pinbar,1,False,False,False,0.0008899999999999464,False,False,0.0008899999999999464,False,False,0.0008899999999999464,,0,,-1,-1,-1,1,175,2,pullback_range,1,0.58422,0.57902,69,72,0.58422,0.57902,,69,0.58422,,48,0.5818,,1,0.58422,0.57902,SEEK_BREAKOUT,CONFIRMED,0,,,68
2025-12-29 17:30:00+00:00,0.58041,0.58049,0.58028,0.58043,572,2.0000000000020002e-05,0.00020999999999993246,5.999999999994898e-05,0.00012999999999996348,1,0.5803849999999999,0.09523809523822112,pinbar,1,False,False,False,0.0008899999999999464,False,False,0.0008899999999999464,False,False,0.0008899999999999464,,0,,-1,-1,-1,1,176,2,pullback_range,1,0.58422,0.57902,69,72,0.58422,0.57902,,69,0.58422,,48,0.5818,,1,0.58422,0.57902,SEEK_BREAKOUT,CONFIRMED,0,,,68
2025-12-29 17:45:00+00:00,0.58043,0.5805,0.58017,0.58032,358,0.0001100000000000545,0.0003300000000000525,7.00000000000145e-05,0.00014999999999998348,-1,0.580335,0.3333333333334455,pinbar,0,False,False,False,0.0008899999999999464,False,False,0.0008899999999999464,False,False,0.0008899999999999464,,0,,-1,-1,-1,1,178,3,pullback_range,1,0.58422,0.57902,69,72,0.58422,0.57902,,69,0.58422,,48,0.5818,,1,0.58422,0.57902,SEEK_BREAKOUT,CONFIRMED,0,,,68
2025-12-29 18:00:00+00:00,0.58032,0.58062,0.58032,0.58048,194,0.000160000000000049,0.000300000000000078,0.000140000000000029,0.0,1,0.58047,0.533333333333358,normal,0,True,False,False,0.0008899999999999464,False,False,0.0008899999999999464,False,False,0.0008899999999999464,,0,,-1,-1,-1,0,-1,-1,pullback_range,1,0.58422,0.57902,69,72,0.58422,0.57902,,69,0.58422,,48,0.5818,,1,0.58422,0.57902,SEEK_BREAKOUT,CONFIRMED,0,,,68
2025-12-29 18:15:00+00:00,0.58048,0.58064,0.58038,0.58052,604,4.0000000000040004e-05,0.000260000000000038,0.00012000000000000899,9.999999999998899e-05,1,0.5805100000000001,0.15384615384628522,pinbar,0,False,False,False,0.0008899999999999464,False,False,0.0008899999999999464,False,False,0.0008899999999999464,,0,,-1,-1,-1,1,182,5,pullback_range,1,0.58422,0.57902,69,72,0.58422,0.57902,,69,0.58422,,48,0.5818,,1,0.58422,0.57902,SEEK_BREAKOUT,CONFIRMED,0,,,68
2025-12-29 18:30:00+00:00,0.5805,0.58053,0.58014,0.5802,540,0.00029999999999996696,0.00039000000000000146,2.999999999997449e-05,6.0000000000060005e-05,-1,0.580335,0.7692307692306817,maru,0,True,False,False,0.0008899999999999464,False,False,0.0008899999999999464,False,False,0.0008899999999999464,,0,,-1,-1,-1,1,182,4,pullback_range,1,0.58422,0.57902,69,72,0.58422,0.57902,,69,0.58422,,48,0.5818,,1,0.58422,0.57902,SEEK_BREAKOUT,CONFIRMED,0,,,68
2025-12-29 18:45:00+00:00,0.58017,0.58024,0.57993,0.57994,323,0.00022999999999995246,0.00031000000000003247,7.00000000000145e-05,1.0000000000065512e-05,-1,0.580085,0.7419354838707367,maru,0,True,False,False,0.0008899999999999464,False,False,0.0008899999999999464,False,False,0.0008899999999999464,,0,,-1,-1,-1,1,181,2,pullback_range,1,0.58422,0.57902,69,72,0.58422,0.57902,,69,0.58422,,48,0.5818,,1,0.58422,0.57902,SEEK_BREAKOUT,CONFIRMED,0,,,68
2025-12-29 19:00:00+00:00,0.57993,0.58004,0.57983,0.58002,395,9.00000000000345e-05,0.00021000000000004349,2.0000000000020002e-05,9.999999999998899e-05,1,0.579935,0.4285714285715041,normal,0,False,False,False,0.0007800000000000029,False,False,0.0008899999999999464,False,False,0.0008899999999999464,,0,,-1,-1,-1,0,-1,-1,pullback_range,1,0.58422,0.57902,69,72,0.58422,0.57902,,69,0.58422,,48,0.5818,,1,0.58422,0.57902,SEEK_BREAKOUT,CONFIRMED,0,,,68
2025-12-29 19:15:00+00:00,0.58003,0.5801,0.57993,0.58002,460,1.0000000000065512e-05,0.00017000000000000348,6.999999999990347e-05,9.00000000000345e-05,-1,0.580015,0.05882352941214886,pinbar,1,False,False,False,0.0007800000000000029,False,False,0.0007800000000000029,False,False,0.0008899999999999464,,0,,-1,-1,-1,0,-1,-1,pullback_range,1,0.58422,0.57902,69,72,0.58422,0.57902,,69,0.58422,,48,0.5818,,1,0.58422,0.57902,SEEK_BREAKOUT,CONFIRMED,0,,,68
2025-12-29 19:30:00+00:00,0.58004,0.58048,0.58001,0.58042,330,0.00038000000000004697,0.00046999999999997044,5.999999999994898e-05,2.999999999997449e-05,1,0.580245,0.8085106382980232,maru,0,True,False,True,0.0007800000000000029,False,True,0.0007800000000000029,False,True,0.0007800000000000029,,0,,-1,-1,-1,1,185,3,pullback_range,1,0.58422,0.57902,69,72,0.58422,0.57902,,69,0.58422,,48,0.5818,,1,0.58422,0.57902,SEEK_BREAKOUT,CONFIRMED,0,,,68
2025-12-29 19:45:00+00:00,0.58042,0.58073,0.58026,0.58064,414,0.00021999999999999797,0.00046999999999997044,8.999999999992347e-05,0.000160000000000049,1,0.580495,0.4680851063830039,normal,0,False,False,True,0.0006000000000000449,False,True,0.0007800000000000029,False,True,0.0007800000000000029,,0,,-1,-1,-1,1,185,2,pullback_range,1,0.58422,0.57902,69,72,0.58422,0.57902,,69,0.58422,,48,0.5818,,1,0.58422,0.57902,SEEK_BREAKOUT,CONFIRMED,0,,,68
2025-12-29 20:00:00+00:00,0.58064,0.58074,0.58056,0.58061,352,3.0000000000085514e-05,0.000180000000000069,9.999999999998899e-05,4.999999999999449e-05,-1,0.58065,0.16666666666707786,pinbar,-1,False,False,False,0.0006000000000000449,False,False,0.0006000000000000449,False,False,0.0007800000000000029,,0,,-1,-1,-1,1,188,4,pullback_range,1,0.58422,0.57902,69,72,0.58422,0.57902,,69,0.58422,,48,0.5818,,1,0.58422,0.57902,SEEK_BREAKOUT,CONFIRMED,0,,,68
2025-12-29 20:15:00+00:00,0.5806,0.58062,0.58043,0.58046,207,0.000140000000000029,0.00019000000000002348,2.0000000000020002e-05,2.999999999997449e-05,-1,0.580525,0.7368421052632194,maru,0,False,False,False,0.0006000000000000449,False,False,0.0006000000000000449,False,False,0.0006000000000000449,,0,,-1,-1,-1,0,-1,-1,pullback_range,1,0.58422,0.57902,69,72,0.58422,0.57902,,69,0.58422,,48,0.5818,,1,0.58422,0.57902,SEEK_BREAKOUT,CONFIRMED,0,,,68
2025-12-29 20:30:00+00:00,0.58044,0.58054,0.5804,0.58044,362,0.0,0.00013999999999991797,9.999999999998899e-05,3.999999999992898e-05,0,0.58047,0.0,pinbar,-1,False,False,False,0.0005299999999999194,False,False,0.0006000000000000449,False,False,0.0006000000000000449,,0,,-1,-1,-1,0,-1,-1,pullback_range,1,0.58422,0.57902,69,72,0.58422,0.57902,,69,0.58422,,48,0.5818,,1,0.58422,0.57902,SEEK_BREAKOUT,CONFIRMED,0,,,68
2025-12-29 20:45:00+00:00,0.58043,0.58048,0.58025,0.58042,367,9.99999999995449e-06,0.00022999999999995246,4.999999999999449e-05,0.00017000000000000348,-1,0.580365,0.04347826086937633,pinbar,1,False,False,False,0.0005299999999999194,False,False,0.0005299999999999194,False,False,0.0006000000000000449,,0,,-1,-1,-1,1,190,3,pullback_range,1,0.58422,0.57902,69,72,0.58422,0.57902,,69,0.58422,,48,0.5818,,1,0.58422,0.57902,SEEK_BREAKOUT,CONFIRMED,0,,,68
2025-12-29 21:00:00+00:00,0.58042,0.5807,0.58038,0.58068,339,0.00025999999999992696,0.00031999999999998696,2.0000000000020002e-05,4.0000000000040004e-05,1,0.5805400000000001,0.8124999999998048,maru,0,True,False,True,0.0005299999999999194,False,True,0.0005299999999999194,False,True,0.0005299999999999194,,0,,-1,-1,-1,1,190,2,pullback_range,1,0.58422,0.57902,69,72,0.58422,0.57902,,69,0.58422,,48,0.5818,,1,0.58422,0.57902,SEEK_BREAKOUT,CONFIRMED,0,,,68
2025-12-29 21:15:00+00:00,0.58068,0.58076,0.58058,0.58076,141,8.000000000008001e-05,0.000180000000000069,0.0,9.999999999998899e-05,1,0.58067,0.4444444444447186,normal,0,False,False,False,0.00046999999999997044,False,False,0.0005299999999999194,False,False,0.0005299999999999194,,0,,-1,-1,-1,0,-1,-1,pullback_range,1,0.58422,0.57902,69,72,0.58422,0.57902,,69,0.58422,,48,0.5818,,1,0.58422,0.57902,SEEK_BREAKOUT,CONFIRMED,0,,,68
2025-12-29 21:30:00+00:00,0.58074,0.58075,0.58038,0.58039,134,0.0003500000000000725,0.00036999999999998145,9.99999999995449e-06,9.99999999995449e-06,-1,0.580565,0.9459459459461892,maru,0,True,True,True,0.00046999999999997044,True,True,0.00046999999999997044,True,True,0.0005299999999999194,,0,,-1,-1,-1,1,194,4,pullback_range,1,0.58422,0.57902,69,72,0.58422,0.57902,,69,0.58422,,48,0.5818,,1,0.58422,0.57902,SEEK_BREAKOUT,CONFIRMED,0,,,68
2025-12-29 21:45:00+00:00,0.58038,0.58048,0.58034,0.58037,286,9.99999999995449e-06,0.000140000000000029,9.999999999998899e-05,3.0000000000085514e-05,-1,0.58041,0.07142857142823156,pinbar,-1,False,False,False,0.00046999999999997044,False,False,0.00046999999999997044,False,False,0.00046999999999997044,one_maru_continuous,-1,SUCCESS,190,191,-1,1,194,3,pullback_range,1,0.58422,0.57902,69,72,0.58422,0.57902,,69,0.58422,,48,0.5818,,1,0.58422,0.57902,SEEK_BREAKOUT,CONFIRMED,0,,,68
2025-12-29 22:00:00+00:00,0.57999,0.58024,0.5798,0.58019,958,0.00019999999999997797,0.00043999999999999595,4.999999999999449e-05,0.00019000000000002348,1,0.58002,0.4545454545454087,normal,0,False,False,True,0.00046999999999997044,False,True,0.00046999999999997044,False,True,0.00046999999999997044,,0,,-1,-1,-1,0,-1,-1,pullback_range,1,0.58422,0.57902,69,72,0.58422,0.57902,,69,0.58422,,48,0.5818,,1,0.58422,0.57902,SEEK_BREAKOUT,CONFIRMED,0,,,68
2025-12-29 22:15:00+00:00,0.58019,0.58086,0.58018,0.58032,177,0.00012999999999996348,0.0006800000000000139,0.000540000000000096,9.99999999995449e-06,1,0.58052,0.19117647058817766,pinbar,-1,False,False,False,0.00046999999999997044,False,False,0.00046999999999997044,False,False,0.00046999999999997044,,0,,-1,-1,-1,1,195,2,pullback_range,1,0.58422,0.57902,69,72,0.58422,0.57902,,69,0.58422,,48,0.5818,,1,0.58422,0.57902,SEEK_BREAKOUT,CONFIRMED,0,,,68
2025-12-29 22:30:00+00:00,0.5803,0.58072,0.58028,0.58046,583,0.00015999999999993797,0.00043999999999999595,0.000260000000000038,2.0000000000020002e-05,1,0.5805,0.363636363636226,pinbar,-1,False,False,False,0.00046999999999997044,False,False,0.00046999999999997044,False,False,0.00046999999999997044,,0,,-1,-1,-1,1,196,2,pullback_range,1,0.58422,0.57902,69,72,0.58422,0.57902,,69,0.58422,,48,0.5818,,1,0.58422,0.57902,SEEK_BREAKOUT,CONFIRMED,0,,,68
2025-12-29 22:45:00+00:00,0.58047,0.5806,0.58045,0.58048,906,9.99999999995449e-06,0.00014999999999998348,0.00012000000000000899,2.0000000000020002e-05,1,0.580525,0.06666666666637061,pinbar,-1,False,False,False,0.00046999999999997044,False,False,0.00046999999999997044,False,False,0.00046999999999997044,,0,,-1,-1,-1,1,197,2,pullback_range,1,0.58422,0.57902,69,72,0.58422,0.57902,,69,0.58422,,48,0.5818,,1,0.58422,0.57902,SEEK_BREAKOUT,CONFIRMED,0,,,68
2025-12-29 23:00:00+00:00,0.58043,0.5806,0.58038,0.58052,456,9.00000000000345e-05,0.00021999999999999797,7.999999999996898e-05,4.999999999999449e-05,1,0.58049,0.40909090909106965,normal,0,False,False,False,0.00046999999999997044,False,False,0.00046999999999997044,False,False,0.00046999999999997044,,0,,-1,-1,-1,0,-1,-1,pullback_range,1,0.58422,0.57902,69,72,0.58422,0.57902,,69,0.58422,,48,0.5818,,1,0.58422,0.57902,SEEK_BREAKOUT,CONFIRMED,0,,,68
2025-12-29 23:15:00+00:00,0.58053,0.5806,0.58046,0.5806,192,7.00000000000145e-05,0.000140000000000029,0.0,7.00000000000145e-05,1,0.58053,0.5,normal,0,True,False,False,0.00046999999999997044,False,False,0.00046999999999997044,False,False,0.00046999999999997044,,0,,-1,-1,-1,0,-1,-1,pullback_range,1,0.58422,0.57902,69,72,0.58422,0.57902,,69,0.58422,,48,0.5818,,1,0.58422,0.57902,SEEK_BREAKOUT,CONFIRMED,0,,,68
2025-12-29 23:30:00+00:00,0.5806,0.58076,0.58059,0.58071,126,0.00010999999999994348,0.00017000000000000348,5.0000000000105516e-05,9.99999999995449e-06,1,0.580675,0.6470588235290661,normal,0,True,False,False,0.00046999999999997044,False,False,0.00046999999999997044,False,False,0.00046999999999997044,,0,,-1,-1,-1,0,-1,-1,pullback_range,1,0.58422,0.57902,69,72,0.58422,0.57902,,69,0.58422,,48,0.5818,,1,0.58422,0.57902,SEEK_BREAKOUT,CONFIRMED,0,,,68
2025-12-29 23:45:00+00:00,0.58072,0.58082,0.58071,0.58078,69,5.999999999994898e-05,0.0001100000000000545,4.0000000000040004e-05,1.0000000000065512e-05,1,0.580765,0.5454545454538114,normal,0,True,False,False,0.00046999999999997044,False,False,0.00046999999999997044,False,False,0.00046999999999997044,,0,,-1,-1,-1,0,-1,-1,pullback_range,1,0.58422,0.57902,69,72,0.58422,0.57902,,69,0.58422,,48,0.5818,,1,0.58422,0.57902,SEEK_BREAKOUT,CONFIRMED,0,,,68
