structure_path_id,parent_sid,parent_cycle_id,structure_id,cycle_id,version,start_idx,end_idx,end_reason,status,active,locked,bos_idx,cts_idx,fib_mode,meta
H1.main >> M15.counter,0,2,0,0,,2612,2726.0,new_cycle,ended,True,True,2609,2616,cross_cycle,"{'activated_at': 53, 'fib_mode': 'cross_cycle', 'locked_at': 71, 'obsolete_reason': 'new_cycle', 'structure_path_id': 'H1.main >> M15.counter', 'use_case': 'first_counter', 'parent_sid': 0, 'parent_cycle_id': 2, 'timeframe': 'M15', 'sub_sid': 0, 'started_by': 'first_counter', 'start_trigger_idx': 2609}"
H1.main >> M15.counter,0,2,0,1,,2726,2828.0,new_cycle,ended,True,True,2631,2736,cross_cycle,"{'fib_mode': 'cross_cycle', 'via': 'cross_failed', 'activated_at': 167, 'locked_at': 191, 'obsolete_reason': 'new_cycle', 'structure_path_id': 'H1.main >> M15.counter', 'use_case': 'first_counter', 'parent_sid': 0, 'parent_cycle_id': 2, 'timeframe': 'M15', 'sub_sid': 0, 'started_by': 'first_counter', 'start_trigger_idx': 2609}"
H1.main >> M15.counter,0,2,0,2,,2828,2843.0,lifecycle_end,ended,True,False,2758,2842,cross_cycle,"{'fib_mode': 'cross_cycle', 'via': 'cross_failed', 'activated_at': 269, 'structure_path_id': 'H1.main >> M15.counter', 'use_case': 'first_counter', 'parent_sid': 0, 'parent_cycle_id': 2, 'timeframe': 'M15', 'sub_sid': 0, 'started_by': 'first_counter', 'start_trigger_idx': 2609}"
H1.main >> M15.counter,1,1,0,0,,3232,3589.0,reversal,ended,True,True,3230,3304,cross_cycle,"{'activated_at': 52, 'fib_mode': 'cross_cycle', 'locked_at': 309, 'structure_path_id': 'H1.main >> M15.counter', 'use_case': 'first_counter', 'parent_sid': 1, 'parent_cycle_id': 1, 'timeframe': 'M15', 'sub_sid': 0, 'started_by': 'first_counter', 'start_trigger_idx': 3230}"
H1.main >> M15.counter,1,1,0,0,,3589,3611.0,lifecycle_end,ended,True,False,3304,3611,cross_cycle,"{'activated_at': 52, 'fib_mode': 'cross_cycle', 'structure_path_id': 'H1.main >> M15.counter', 'use_case': 'reversal', 'parent_sid': 1, 'parent_cycle_id': 1, 'timeframe': 'M15', 'sub_sid': 1, 'started_by': 'reversal', 'start_trigger_idx': 3589}"
H1.main >> M15.counter,1,2,0,0,,3649,3806.0,new_cycle,ended,True,True,3621,3760,cross_cycle,"{'activated_at': 78, 'fib_mode': 'cross_cycle', 'locked_at': 215, 'obsolete_reason': 'new_cycle', 'structure_path_id': 'H1.main >> M15.counter', 'use_case': 'first_counter', 'parent_sid': 1, 'parent_cycle_id': 2, 'timeframe': 'M15', 'sub_sid': 0, 'started_by': 'first_counter', 'start_trigger_idx': 3621}"
H1.main >> M15.counter,1,2,0,1,0.0,3806,,,active,True,False,3621,3806,cross_cycle,"{'fib_mode': 'cross_cycle', 'cross_cycle': True, 'cross_start_cycle': 0, 'version': 0, 'activated_at': 235, 'structure_path_id': 'H1.main >> M15.counter', 'use_case': 'first_counter', 'parent_sid': 1, 'parent_cycle_id': 2, 'timeframe': 'M15', 'sub_sid': 0, 'started_by': 'first_counter', 'start_trigger_idx': 3621}"
H1.main >> M15.counter,1,2,0,0,,4083,4140.0,new_cycle,ended,True,True,4027,4086,cross_cycle,"{'activated_at': 63, 'fib_mode': 'cross_cycle', 'locked_at': 126, 'obsolete_reason': 'new_cycle', 'structure_path_id': 'H1.main >> M15.counter', 'use_case': 'subsequent_counter', 'parent_sid': 1, 'parent_cycle_id': 2, 'timeframe': 'M15', 'sub_sid': 1, 'started_by': 'subsequent_counter', 'start_trigger_idx': 4083}"
H1.main >> M15.counter,1,2,0,1,0.0,4140,4177.0,new_cycle,ended,True,True,4027,4157,cross_cycle,"{'fib_mode': 'cross_cycle', 'cross_cycle': True, 'cross_start_cycle': 0, 'version': 0, 'activated_at': 163, 'locked_at': 182, 'obsolete_reason': 'new_cycle', 'structure_path_id': 'H1.main >> M15.counter', 'use_case': 'subsequent_counter', 'parent_sid': 1, 'parent_cycle_id': 2, 'timeframe': 'M15', 'sub_sid': 1, 'started_by': 'subsequent_counter', 'start_trigger_idx': 4083}"
H1.main >> M15.counter,1,2,0,2,0.0,4177,,,active,True,False,4027,4222,cross_cycle,"{'fib_mode': 'cross_cycle', 'cross_cycle': True, 'cross_start_cycle': 0, 'version': 0, 'activated_at': 200, 'structure_path_id': 'H1.main >> M15.counter', 'use_case': 'subsequent_counter', 'parent_sid': 1, 'parent_cycle_id': 2, 'timeframe': 'M15', 'sub_sid': 1, 'started_by': 'subsequent_counter', 'start_trigger_idx': 4083}"
