ic_idx,start_time,end_time,side,top,bottom,structure_id,cycle_id,parent_sid,parent_cycle_id,confirmed_idx,versions,status,meta
2706,2025-12-26 02:30:00+00:00,2025-12-29 09:00:00+00:00,sell,0.58405,0.58345,0,0,0,2,2726.0,"['V30', 'V60']",ended,"{'structure_id': 0, 'struct_direction': -1, 'cycle_id': 0, 'confirmed_idx': 2726, 'end_idx': 2828, 'end_reason': 'next_cycle', 'versions': ['V30', 'V60'], 'current_versions': ['V30'], 'status': 'ended', 'activation_history': [{'idx': 2726, 'active': True, 'reason': 'initial', 'versions': ['V30']}], 'bos_idx': 50, 'cts_idx': 147, 'cts_established_idx': 2649, 'structure_path_id': 'H1.main >> M15.counter', 'use_case': 'first_counter', 'parent_sid': 0, 'parent_cycle_id': 2, 'timeframe': 'M15', 'sub_sid': 0, 'started_by': 'first_counter', 'start_trigger_idx': 2639}"
2702,2025-12-26 01:30:00+00:00,2025-12-29 09:00:00+00:00,sell,0.5842,0.58376,0,0,0,2,2722.0,['V90'],ended,"{'structure_id': 0, 'struct_direction': -1, 'cycle_id': 0, 'confirmed_idx': 2722, 'end_idx': 2828, 'end_reason': 'next_cycle', 'versions': ['V90'], 'current_versions': ['V30'], 'status': 'ended', 'activation_history': [{'idx': 2722, 'active': True, 'reason': 'initial', 'versions': ['V30']}], 'bos_idx': 50, 'cts_idx': 147, 'cts_established_idx': 2649, 'structure_path_id': 'H1.main >> M15.counter', 'use_case': 'first_counter', 'parent_sid': 0, 'parent_cycle_id': 2, 'timeframe': 'M15', 'sub_sid': 0, 'started_by': 'first_counter', 'start_trigger_idx': 2639}"
3654,2026-01-11 23:30:00+00:00,2026-01-16 10:45:00+00:00,buy,0.57306,0.57276,0,0,1,2,3688.0,"['V30', 'V60', 'V90']",ended,"{'structure_id': 0, 'struct_direction': 1, 'cycle_id': 0, 'confirmed_idx': 3688, 'end_idx': 4083, 'end_reason': 'lifecycle_end', 'versions': ['V30', 'V60', 'V90'], 'current_versions': ['V30', 'V60'], 'status': 'ended', 'activation_history': [{'idx': 3688, 'active': True, 'reason': 'initial', 'versions': ['V30', 'V60']}], 'bos_idx': 50, 'cts_idx': 189, 'cts_established_idx': 3656, 'structure_path_id': 'H1.main >> M15.counter', 'use_case': 'first_counter', 'parent_sid': 1, 'parent_cycle_id': 2, 'timeframe': 'M15', 'sub_sid': 0, 'started_by': 'first_counter', 'start_trigger_idx': 3621}"
3654,2026-01-11 23:30:00+00:00,,buy,0.57306,0.57276,0,1,1,2,,"['V30', 'V60', 'V90']",inactive,"{'structure_id': 0, 'struct_direction': 1, 'cycle_id': 1, 'confirmed_idx': None, 'end_idx': None, 'end_reason': None, 'versions': ['V30', 'V60', 'V90'], 'current_versions': [], 'status': 'inactive', 'activation_history': [], 'bos_idx': 50, 'cts_idx': 235, 'cts_established_idx': 3806, 'structure_path_id': 'H1.main >> M15.counter', 'use_case': 'first_counter', 'parent_sid': 1, 'parent_cycle_id': 2, 'timeframe': 'M15', 'sub_sid': 0, 'started_by': 'first_counter', 'start_trigger_idx': 3621}"
4048,2026-01-16 02:00:00+00:00,2026-01-19 05:15:00+00:00,buy,0.57484,0.57454,0,0,1,2,4118.0,"['V30', 'V60', 'V90']",ended,"{'structure_id': 0, 'struct_direction': 1, 'cycle_id': 0, 'confirmed_idx': 4118, 'end_idx': 4157, 'end_reason': 'next_cycle', 'versions': ['V30', 'V60', 'V90'], 'current_versions': ['V30', 'V60', 'V90'], 'status': 'ended', 'activation_history': [{'idx': 4083, 'active': True, 'reason': 'initial', 'versions': ['V30']}, {'idx': 4104, 'active': False, 'reason': 'imbalance_filled'}, {'idx': 4118, 'active': True, 'reason': 'conditions_re-met', 'versions': ['V30', 'V60', 'V90']}], 'bos_idx': 50, 'cts_idx': 109, 'cts_established_idx': 4031, 'structure_path_id': 'H1.main >> M15.counter', 'use_case': 'subsequent_counter', 'parent_sid': 1, 'parent_cycle_id': 2, 'timeframe': 'M15', 'sub_sid': 1, 'started_by': 'subsequent_counter', 'start_trigger_idx': 4083}"
4131,2026-01-18 22:45:00+00:00,2026-01-19 10:45:00+00:00,buy,0.57462,0.57422,0,1,1,2,4157.0,['V30'],ended,"{'structure_id': 0, 'struct_direction': 1, 'cycle_id': 1, 'confirmed_idx': 4157, 'end_idx': 4179, 'end_reason': 'next_cycle', 'versions': ['V30'], 'current_versions': ['V30'], 'status': 'ended', 'activation_history': [{'idx': 4157, 'active': True, 'reason': 'initial', 'versions': ['V30']}], 'bos_idx': 50, 'cts_idx': 180, 'cts_established_idx': 4157, 'structure_path_id': 'H1.main >> M15.counter', 'use_case': 'subsequent_counter', 'parent_sid': 1, 'parent_cycle_id': 2, 'timeframe': 'M15', 'sub_sid': 1, 'started_by': 'subsequent_counter', 'start_trigger_idx': 4083}"
4127,2026-01-16 21:45:00+00:00,2026-01-19 10:45:00+00:00,buy,0.57538,0.57512,0,1,1,2,4157.0,['V60'],ended,"{'structure_id': 0, 'struct_direction': 1, 'cycle_id': 1, 'confirmed_idx': 4157, 'end_idx': 4179, 'end_reason': 'next_cycle', 'versions': ['V60'], 'current_versions': ['V30', 'V60'], 'status': 'ended', 'activation_history': [{'idx': 4157, 'active': True, 'reason': 'initial', 'versions': ['V30', 'V60']}], 'bos_idx': 50, 'cts_idx': 180, 'cts_established_idx': 4157, 'structure_path_id': 'H1.main >> M15.counter', 'use_case': 'subsequent_counter', 'parent_sid': 1, 'parent_cycle_id': 2, 'timeframe': 'M15', 'sub_sid': 1, 'started_by': 'subsequent_counter', 'start_trigger_idx': 4083}"
4116,2026-01-16 19:00:00+00:00,2026-01-19 10:45:00+00:00,buy,0.57527,0.57494,0,1,1,2,4157.0,['V90'],ended,"{'structure_id': 0, 'struct_direction': 1, 'cycle_id': 1, 'confirmed_idx': 4157, 'end_idx': 4179, 'end_reason': 'next_cycle', 'versions': ['V90'], 'current_versions': ['V30', 'V60', 'V90'], 'status': 'ended', 'activation_history': [{'idx': 4157, 'active': True, 'reason': 'initial', 'versions': ['V30', 'V60', 'V90']}], 'bos_idx': 50, 'cts_idx': 180, 'cts_established_idx': 4157, 'structure_path_id': 'H1.main >> M15.counter', 'use_case': 'subsequent_counter', 'parent_sid': 1, 'parent_cycle_id': 2, 'timeframe': 'M15', 'sub_sid': 1, 'started_by': 'subsequent_counter', 'start_trigger_idx': 4083}"
4145,2026-01-19 02:15:00+00:00,,buy,0.57656,0.57598,0,2,1,2,4222.0,['V30'],active,"{'structure_id': 0, 'struct_direction': 1, 'cycle_id': 2, 'confirmed_idx': 4222, 'end_idx': None, 'end_reason': None, 'versions': ['V30'], 'current_versions': ['V30'], 'status': 'active', 'activation_history': [{'idx': 4222, 'active': True, 'reason': 'initial', 'versions': ['V30']}], 'bos_idx': 50, 'cts_idx': 245, 'cts_established_idx': 4179, 'structure_path_id': 'H1.main >> M15.counter', 'use_case': 'subsequent_counter', 'parent_sid': 1, 'parent_cycle_id': 2, 'timeframe': 'M15', 'sub_sid': 1, 'started_by': 'subsequent_counter', 'start_trigger_idx': 4083}"
4136,2026-01-19 00:00:00+00:00,,buy,0.57642,0.57533,0,2,1,2,4195.0,['V60'],active,"{'structure_id': 0, 'struct_direction': 1, 'cycle_id': 2, 'confirmed_idx': 4195, 'end_idx': None, 'end_reason': None, 'versions': ['V60'], 'current_versions': ['V30'], 'status': 'active', 'activation_history': [{'idx': 4195, 'active': True, 'reason': 'initial', 'versions': ['V30']}], 'bos_idx': 50, 'cts_idx': 245, 'cts_established_idx': 4179, 'structure_path_id': 'H1.main >> M15.counter', 'use_case': 'subsequent_counter', 'parent_sid': 1, 'parent_cycle_id': 2, 'timeframe': 'M15', 'sub_sid': 1, 'started_by': 'subsequent_counter', 'start_trigger_idx': 4083}"
4127,2026-01-16 21:45:00+00:00,,buy,0.57538,0.57512,0,2,1,2,4179.0,['V90'],active,"{'structure_id': 0, 'struct_direction': 1, 'cycle_id': 2, 'confirmed_idx': 4179, 'end_idx': None, 'end_reason': None, 'versions': ['V90'], 'current_versions': ['V30', 'V60', 'V90'], 'status': 'active', 'activation_history': [{'idx': 4179, 'active': True, 'reason': 'initial', 'versions': ['V30', 'V60', 'V90']}], 'bos_idx': 50, 'cts_idx': 245, 'cts_established_idx': 4179, 'structure_path_id': 'H1.main >> M15.counter', 'use_case': 'subsequent_counter', 'parent_sid': 1, 'parent_cycle_id': 2, 'timeframe': 'M15', 'sub_sid': 1, 'started_by': 'subsequent_counter', 'start_trigger_idx': 4083}"
