parent_sid,parent_cycle_id,sub_sid,starting_sd,creation_event_idx,end_event_idx,end_reason,meta
0,0,0,1,630,1940,reversal,"{'use_case': 'first_confluence', 'validated_parent_start': 157, 'slice_begin': 580, 'started_by': 'first_confluence', 'start_trigger_idx': 630, 'trigger_event_idx': 115}"
0,0,1,-1,1794,2465,reversal,"{'use_case': 'reversal', 'validated_parent_start': None, 'slice_begin': 1744, 'started_by': 'reversal', 'start_trigger_idx': 1940, 'trigger_event_idx': 115}"
0,0,2,1,2365,2547,lifecycle_end,"{'use_case': 'reversal', 'validated_parent_start': None, 'slice_begin': 2315, 'started_by': 'reversal', 'start_trigger_idx': 2465, 'trigger_event_idx': 115}"
0,1,0,1,2403,2611,lifecycle_end,"{'use_case': 'first_confluence', 'validated_parent_start': 600, 'slice_begin': 2353, 'started_by': 'first_confluence', 'start_trigger_idx': 2403, 'trigger_event_idx': 636}"
0,2,0,1,2561,2751,lifecycle_end,"{'use_case': 'first_confluence', 'validated_parent_start': 640, 'slice_begin': 2511, 'started_by': 'first_confluence', 'start_trigger_idx': 2561, 'trigger_event_idx': 652}"
0,2,1,1,2736,2829,reversal,"{'use_case': 'subsequent_confluence', 'validated_parent_start': 684, 'slice_begin': 2686, 'started_by': 'subsequent_confluence', 'start_trigger_idx': 2751, 'trigger_event_idx': 687}"
0,2,2,-1,2758,2843,lifecycle_end,"{'use_case': 'reversal', 'validated_parent_start': None, 'slice_begin': 2708, 'started_by': 'reversal', 'start_trigger_idx': 2829, 'trigger_event_idx': 652}"
1,0,0,-1,2758,2995,lifecycle_end,"{'use_case': 'first_confluence', 'validated_parent_start': 689, 'slice_begin': 2708, 'started_by': 'first_confluence', 'start_trigger_idx': 2758, 'trigger_event_idx': 703}"
1,1,0,-1,2915,3487,lifecycle_end,"{'use_case': 'first_confluence', 'validated_parent_start': 728, 'slice_begin': 2865, 'started_by': 'first_confluence', 'start_trigger_idx': 2915, 'trigger_event_idx': 748}"
1,1,1,-1,3331,3611,lifecycle_end,"{'use_case': 'subsequent_confluence', 'validated_parent_start': 832, 'slice_begin': 3281, 'started_by': 'subsequent_confluence', 'start_trigger_idx': 3487, 'trigger_event_idx': 871}"
1,2,0,-1,3331,3819,lifecycle_end,"{'use_case': 'first_confluence', 'validated_parent_start': 832, 'slice_begin': 3281, 'started_by': 'first_confluence', 'start_trigger_idx': 3331, 'trigger_event_idx': 902}"
1,2,1,-1,3806,4200,reversal,"{'use_case': 'subsequent_confluence', 'validated_parent_start': 951, 'slice_begin': 3756, 'started_by': 'subsequent_confluence', 'start_trigger_idx': 3819, 'trigger_event_idx': 954}"
1,2,2,1,4000,4227,,"{'use_case': 'reversal', 'validated_parent_start': None, 'slice_begin': 3950, 'started_by': 'reversal', 'start_trigger_idx': 4200, 'trigger_event_idx': 902}"
