start_idx,end_idx,direction,gap_top,gap_bottom,gap_size,meta
1,2,-1,0.56784,0.56698,0.0008599999999999719,{}
6,6,1,0.56674,0.56638,0.00036000000000002697,{}
8,8,1,0.56736,0.56723,0.00012999999999996348,{}
11,11,-1,0.56739,0.56735,3.999999999992898e-05,{}
20,21,-1,0.56682,0.56568,0.0011400000000000299,{}
23,23,1,0.56574,0.56568,6.0000000000060005e-05,{}
25,25,-1,0.56574,0.5654,0.00034000000000000696,{}
29,29,-1,0.56525,0.56507,0.000180000000000069,{}
33,34,1,0.56626,0.5656,0.0006599999999999939,{}
40,40,-1,0.56636,0.56608,0.00027999999999994696,{}
46,47,-1,0.56636,0.56608,0.00027999999999994696,{}
50,51,-1,0.56578,0.56426,0.0015199999999999658,{}
53,53,-1,0.56351,0.56325,0.00025999999999992696,{}
55,55,1,0.56339,0.56325,0.00013999999999991797,{}
58,58,-1,0.56358,0.56347,0.00010999999999994348,{}
63,63,-1,0.5628,0.56244,0.00035999999999991594,{}
65,66,-1,0.56166,0.56032,0.0013400000000000079,{}
71,71,1,0.56017,0.56008,8.999999999992347e-05,{}
75,75,-1,0.56076,0.56069,7.00000000000145e-05,{}
77,77,1,0.5607,0.56069,9.99999999995449e-06,{}
83,83,1,0.56136,0.56122,0.00013999999999991797,{}
87,87,1,0.56206,0.56139,0.0006700000000000594,{}
89,90,-1,0.56206,0.56014,0.0019200000000000328,{}
103,103,1,0.55962,0.55954,7.999999999996898e-05,{}
110,110,1,0.56006,0.55982,0.00024000000000001798,{}
112,112,-1,0.56006,0.56004,2.0000000000020002e-05,{}
114,114,1,0.56042,0.56004,0.00038000000000004697,{}
149,149,-1,0.56094,0.56037,0.0005699999999999594,{}
155,155,1,0.56035,0.56006,0.00029000000000001247,{}
157,157,-1,0.56035,0.56024,0.0001100000000000545,{}
163,163,1,0.56212,0.56147,0.0006499999999999284,{}
171,172,1,0.56851,0.5632,0.005309999999999926,{}
177,177,-1,0.56818,0.56809,9.00000000000345e-05,{}
180,180,-1,0.5675,0.5673,0.00019999999999997797,{}
185,185,1,0.56882,0.56804,0.0007800000000000029,{}
188,188,1,0.56936,0.56935,9.99999999995449e-06,{}
193,196,1,0.5722,0.57038,0.0018200000000000438,{}
209,209,1,0.5723,0.57214,0.000160000000000049,{}
231,233,1,0.57319,0.57116,0.0020299999999999763,{}
239,239,-1,0.5736,0.5733,0.00029999999999996696,{}
247,247,-1,0.57314,0.57304,9.999999999998899e-05,{}
249,249,1,0.57314,0.57304,9.999999999998899e-05,{}
254,254,1,0.57426,0.57381,0.00044999999999995044,{}
260,261,-1,0.57337,0.5728,0.0005700000000000705,{}
274,275,-1,0.57269,0.57181,0.0008799999999999919,{}
278,279,1,0.57281,0.57186,0.0009500000000000064,{}
285,285,1,0.57335,0.57307,0.000280000000000058,{}
291,292,1,0.57485,0.57446,0.00039000000000000146,{}
297,297,-1,0.57486,0.57468,0.000180000000000069,{}
300,300,1,0.57468,0.57458,9.999999999998899e-05,{}
305,306,1,0.57666,0.57512,0.0015399999999999858,{}
318,318,1,0.57692,0.57689,2.999999999997449e-05,{}
321,321,1,0.57727,0.57718,8.999999999992347e-05,{}
333,333,-1,0.57702,0.57686,0.00015999999999993797,{}
338,339,1,0.57646,0.57638,7.999999999996898e-05,{}
342,342,1,0.57664,0.57662,2.0000000000020002e-05,{}
344,344,1,0.57734,0.5772,0.00013999999999991797,{}
354,354,-1,0.57765,0.57759,5.999999999994898e-05,{}
362,362,1,0.57828,0.57776,0.0005199999999999649,{}
376,377,-1,0.57822,0.57707,0.0011499999999999844,{}
389,389,1,0.57834,0.57808,0.00025999999999992696,{}
395,395,1,0.5786,0.57841,0.00019000000000002348,{}
403,403,-1,0.57838,0.57794,0.00043999999999999595,{}
410,411,-1,0.57774,0.57698,0.0007599999999999829,{}
414,416,1,0.57794,0.57696,0.0009799999999999809,{}
429,430,1,0.58134,0.57906,0.0022799999999999487,{}
436,437,-1,0.58116,0.5799,0.0012600000000000389,{}
441,441,1,0.57984,0.57959,0.00024999999999997247,{}
445,445,1,0.58109,0.58076,0.00032999999999994145,{}
447,447,1,0.58162,0.58154,8.000000000008001e-05,{}
453,453,-1,0.58153,0.58109,0.00043999999999999595,{}
458,458,1,0.58114,0.581,0.000140000000000029,{}
473,473,-1,0.58068,0.57982,0.0008599999999999719,{}
475,475,1,0.58028,0.57982,0.00046000000000001595,{}
484,484,-1,0.58013,0.57845,0.0016800000000000148,{}
487,488,1,0.57828,0.57756,0.0007200000000000539,{}
493,493,1,0.57929,0.57869,0.0005999999999999339,{}
503,503,-1,0.57842,0.57828,0.000140000000000029,{}
506,507,-1,0.57806,0.57699,0.0010700000000000154,{}
509,509,1,0.57755,0.57699,0.0005600000000000049,{}
512,512,1,0.57822,0.57816,5.999999999994898e-05,{}
519,519,1,0.5789,0.57862,0.00027999999999994696,{}
527,527,-1,0.5786,0.57836,0.00024000000000001798,{}
534,534,-1,0.57796,0.57763,0.0003300000000000525,{}
552,552,-1,0.57738,0.57734,4.0000000000040004e-05,{}
557,557,-1,0.57635,0.57612,0.0002300000000000635,{}
567,567,1,0.57748,0.57704,0.00043999999999999595,{}
571,571,-1,0.57771,0.5777,9.99999999995449e-06,{}
580,582,-1,0.57709,0.57626,0.0008299999999999974,{}
585,585,-1,0.57561,0.5753,0.00030999999999992145,{}
592,592,1,0.57483,0.57454,0.00028999999999990145,{}
598,599,-1,0.57606,0.57545,0.0006099999999999994,{}
601,602,1,0.576,0.57545,0.0005499999999999394,{}
609,609,1,0.57774,0.57706,0.0006800000000000139,{}
616,616,1,0.5794,0.57926,0.000140000000000029,{}
620,620,-1,0.57954,0.57948,6.0000000000060005e-05,{}
626,626,1,0.58006,0.57978,0.000280000000000058,{}
628,628,1,0.58104,0.58098,5.999999999994898e-05,{}
633,635,1,0.58373,0.58156,0.0021700000000000053,{}
639,639,-1,0.58367,0.5831,0.0005700000000000705,{}
644,645,1,0.58368,0.58338,0.00029999999999996696,{}
651,651,1,0.58476,0.58448,0.00027999999999994696,{}
653,653,-1,0.58476,0.58428,0.00047999999999992493,{}
655,655,1,0.58433,0.58428,4.999999999999449e-05,{}
662,662,-1,0.58424,0.5839,0.00034000000000000696,{}
671,671,1,0.5837,0.5836,9.999999999998899e-05,{}
681,681,-1,0.58276,0.5826,0.00015999999999993797,{}
687,687,1,0.58317,0.5822,0.0009699999999999154,{}
690,690,-1,0.5832,0.58302,0.000180000000000069,{}
