idx,category,type,price,meta
115,STRUCTURE,CTS_ESTABLISHED,0.56126,"{'via': 'one_maru_continuous', 'anchor_idx': 114, 'pattern_name': 'one_maru_continuous', 'confirmed_at': 115, 'cycle_id': 0, 'structure_id': 0, 'struct_direction': 1}"
96,STRUCTURE,BOS_CONFIRMED,0.55808,"{'source': 'initial_prior_extreme', 'confirmed_at': 115, 'pb_start': None, 'cycle_id': 0, 'structure_id': 0, 'struct_direction': 1}"
115,STATE,STATE_CHANGED,,"{'from': 'none', 'to': 'breakout', 'structure_id': 0, 'struct_direction': 1, 'reason': 'breakout_pattern', 'pat': 'one_maru_continuous', 'effective_idx': 115}"
117,RANGE,RANGE_STARTED,,"{'start_idx': 115, 'confirm_idx': 117, 'hi': 0.56126, 'lo': 0.56042, 'cts_idx': 115, 'cts_price': 0.56126, 'structure_id': 0, 'struct_direction': 1}"
117,STATE,STATE_CHANGED,,"{'from': 'breakout', 'to': 'range', 'structure_id': 0, 'struct_direction': 1, 'reason': 'range_confirmed', 'effective_idx': 115}"
116,RANGE,RANGE_UPDATED,,"{'hi': 0.56126, 'lo': 0.56014, 'structure_id': 0, 'struct_direction': 1}"
117,RANGE,RANGE_UPDATED,,"{'hi': 0.56154, 'lo': 0.56014, 'structure_id': 0, 'struct_direction': 1}"
117,STRUCTURE,CTS_UPDATED,0.56154,"{'via': 'replay_raw', 'cycle_id': 0, 'structure_id': 0, 'struct_direction': 1}"
119,RANGE,RANGE_UPDATED,,"{'hi': 0.56158, 'lo': 0.56014, 'structure_id': 0, 'struct_direction': 1}"
119,STRUCTURE,CTS_UPDATED,0.56158,"{'via': 'replay_raw', 'cycle_id': 0, 'structure_id': 0, 'struct_direction': 1}"
128,RANGE,RANGE_UPDATED,,"{'hi': 0.56158, 'lo': 0.56008, 'structure_id': 0, 'struct_direction': 1}"
129,RANGE,RANGE_UPDATED,,"{'hi': 0.56158, 'lo': 0.55994, 'structure_id': 0, 'struct_direction': 1}"
131,RANGE,RANGE_UPDATED,,"{'hi': 0.56158, 'lo': 0.55955, 'structure_id': 0, 'struct_direction': 1}"
147,RANGE,RANGE_UPDATED,,"{'hi': 0.56218, 'lo': 0.55955, 'structure_id': 0, 'struct_direction': 1}"
147,STRUCTURE,CTS_UPDATED,0.56218,"{'via': 'replay_raw', 'cycle_id': 0, 'structure_id': 0, 'struct_direction': 1}"
152,RANGE,RANGE_UPDATED,,"{'hi': 0.56218, 'lo': 0.55926, 'structure_id': 0, 'struct_direction': 1}"
157,RANGE,RANGE_UPDATED,,"{'hi': 0.56218, 'lo': 0.55914, 'structure_id': 0, 'struct_direction': 1}"
163,RANGE,RANGE_UPDATED,,"{'hi': 0.56287, 'lo': 0.55914, 'structure_id': 0, 'struct_direction': 1}"
163,STRUCTURE,CTS_UPDATED,0.56287,"{'via': 'replay_raw', 'cycle_id': 0, 'structure_id': 0, 'struct_direction': 1}"
170,RANGE,RANGE_UPDATED,,"{'hi': 0.5632, 'lo': 0.55914, 'structure_id': 0, 'struct_direction': 1}"
170,STRUCTURE,CTS_UPDATED,0.5632,"{'via': 'replay_raw', 'cycle_id': 0, 'structure_id': 0, 'struct_direction': 1}"
171,STRUCTURE,CTS_UPDATED,0.56824,"{'via': 'replay_raw', 'cycle_id': 0, 'structure_id': 0, 'struct_direction': 1}"
172,RANGE,RANGE_RESET,,"{'reason': 'range_breakout', 'pat': 'one_maru_continuous', 'structure_id': 0, 'struct_direction': 1}"
172,STRUCTURE,CTS_UPDATED,0.5692,"{'via': 'one_maru_continuous', 'cycle_id': 0, 'structure_id': 0, 'struct_direction': 1}"
172,STATE,STATE_CHANGED,,"{'from': 'range', 'to': 'breakout', 'structure_id': 0, 'struct_direction': 1, 'reason': 'breakout_pattern', 'pat': 'one_maru_continuous', 'effective_idx': 172}"
173,STRUCTURE,CTS_UPDATED,0.56966,"{'via': 'replay_raw', 'cycle_id': 0, 'structure_id': 0, 'struct_direction': 1}"
175,RANGE,RANGE_STARTED,,"{'start_idx': 173, 'confirm_idx': 175, 'hi': 0.56966, 'lo': 0.56851, 'cts_idx': 173, 'cts_price': 0.56966, 'structure_id': 0, 'struct_direction': 1}"
175,STATE,STATE_CHANGED,,"{'from': 'breakout', 'to': 'range', 'structure_id': 0, 'struct_direction': 1, 'reason': 'range_confirmed', 'effective_idx': 173}"
174,RANGE,RANGE_UPDATED,,"{'hi': 0.56966, 'lo': 0.56847, 'structure_id': 0, 'struct_direction': 1}"
176,RANGE,RANGE_UPDATED,,"{'hi': 0.56966, 'lo': 0.56818, 'structure_id': 0, 'struct_direction': 1}"
177,RANGE,RANGE_UPDATED,,"{'hi': 0.56966, 'lo': 0.56732, 'structure_id': 0, 'struct_direction': 1}"
178,RANGE,RANGE_UPDATED,,"{'hi': 0.56966, 'lo': 0.5669, 'structure_id': 0, 'struct_direction': 1}"
180,RANGE,RANGE_UPDATED,,"{'hi': 0.56966, 'lo': 0.56684, 'structure_id': 0, 'struct_direction': 1}"
181,RANGE,RANGE_UPDATED,,"{'hi': 0.56966, 'lo': 0.5666, 'structure_id': 0, 'struct_direction': 1}"
182,RANGE,RANGE_UPDATED,,"{'hi': 0.56966, 'lo': 0.56628, 'structure_id': 0, 'struct_direction': 1}"
189,RANGE,RANGE_UPDATED,,"{'hi': 0.56974, 'lo': 0.56628, 'structure_id': 0, 'struct_direction': 1}"
189,STRUCTURE,CTS_UPDATED,0.56974,"{'via': 'replay_raw', 'cycle_id': 0, 'structure_id': 0, 'struct_direction': 1}"
191,RANGE,RANGE_UPDATED,,"{'hi': 0.57018, 'lo': 0.56628, 'structure_id': 0, 'struct_direction': 1}"
191,STRUCTURE,CTS_UPDATED,0.57018,"{'via': 'replay_raw', 'cycle_id': 0, 'structure_id': 0, 'struct_direction': 1}"
192,RANGE,RANGE_UPDATED,,"{'hi': 0.57038, 'lo': 0.56628, 'structure_id': 0, 'struct_direction': 1}"
192,STRUCTURE,CTS_UPDATED,0.57038,"{'via': 'replay_raw', 'cycle_id': 0, 'structure_id': 0, 'struct_direction': 1}"
193,STRUCTURE,CTS_UPDATED,0.57064,"{'via': 'replay_raw', 'cycle_id': 0, 'structure_id': 0, 'struct_direction': 1}"
194,STRUCTURE,CTS_UPDATED,0.57125,"{'via': 'replay_raw', 'cycle_id': 0, 'structure_id': 0, 'struct_direction': 1}"
195,RANGE,RANGE_RESET,,"{'reason': 'range_breakout', 'pat': 'one_maru_continuous', 'structure_id': 0, 'struct_direction': 1}"
195,STRUCTURE,CTS_UPDATED,0.57208,"{'via': 'one_maru_continuous', 'cycle_id': 0, 'structure_id': 0, 'struct_direction': 1}"
195,STATE,STATE_CHANGED,,"{'from': 'range', 'to': 'breakout', 'structure_id': 0, 'struct_direction': 1, 'reason': 'breakout_pattern', 'pat': 'one_maru_continuous', 'effective_idx': 195}"
196,STRUCTURE,CTS_UPDATED,0.5732,"{'via': 'replay_raw', 'cycle_id': 0, 'structure_id': 0, 'struct_direction': 1}"
198,RANGE,RANGE_STARTED,,"{'start_idx': 196, 'confirm_idx': 198, 'hi': 0.5732, 'lo': 0.57196, 'cts_idx': 196, 'cts_price': 0.5732, 'structure_id': 0, 'struct_direction': 1}"
198,STATE,STATE_CHANGED,,"{'from': 'breakout', 'to': 'range', 'structure_id': 0, 'struct_direction': 1, 'reason': 'range_confirmed', 'effective_idx': 196}"
200,RANGE,RANGE_UPDATED,,"{'hi': 0.5732, 'lo': 0.57154, 'structure_id': 0, 'struct_direction': 1}"
202,RANGE,RANGE_UPDATED,,"{'hi': 0.5732, 'lo': 0.57146, 'structure_id': 0, 'struct_direction': 1}"
203,RANGE,RANGE_UPDATED,,"{'hi': 0.5732, 'lo': 0.57119, 'structure_id': 0, 'struct_direction': 1}"
204,RANGE,RANGE_UPDATED,,"{'hi': 0.5732, 'lo': 0.57092, 'structure_id': 0, 'struct_direction': 1}"
205,RANGE,RANGE_UPDATED,,"{'hi': 0.5732, 'lo': 0.57088, 'structure_id': 0, 'struct_direction': 1}"
226,RANGE,RANGE_UPDATED,,"{'hi': 0.5732, 'lo': 0.57087, 'structure_id': 0, 'struct_direction': 1}"
227,RANGE,RANGE_UPDATED,,"{'hi': 0.5732, 'lo': 0.57071, 'structure_id': 0, 'struct_direction': 1}"
228,RANGE,RANGE_UPDATED,,"{'hi': 0.5732, 'lo': 0.5705, 'structure_id': 0, 'struct_direction': 1}"
229,RANGE,RANGE_UPDATED,,"{'hi': 0.5732, 'lo': 0.57038, 'structure_id': 0, 'struct_direction': 1}"
233,RANGE,RANGE_UPDATED,,"{'hi': 0.57438, 'lo': 0.57038, 'structure_id': 0, 'struct_direction': 1}"
233,STRUCTURE,CTS_UPDATED,0.57438,"{'via': 'replay_raw', 'cycle_id': 0, 'structure_id': 0, 'struct_direction': 1}"
243,RANGE,RANGE_UPDATED,,"{'hi': 0.57444, 'lo': 0.57038, 'structure_id': 0, 'struct_direction': 1}"
243,STRUCTURE,CTS_UPDATED,0.57444,"{'via': 'replay_raw', 'cycle_id': 0, 'structure_id': 0, 'struct_direction': 1}"
254,RANGE,RANGE_UPDATED,,"{'hi': 0.57482, 'lo': 0.57038, 'structure_id': 0, 'struct_direction': 1}"
254,STRUCTURE,CTS_UPDATED,0.57482,"{'via': 'replay_raw', 'cycle_id': 0, 'structure_id': 0, 'struct_direction': 1}"
255,RANGE,RANGE_UPDATED,,"{'hi': 0.5752, 'lo': 0.57038, 'structure_id': 0, 'struct_direction': 1}"
255,STRUCTURE,CTS_UPDATED,0.5752,"{'via': 'replay_raw', 'cycle_id': 0, 'structure_id': 0, 'struct_direction': 1}"
292,RANGE,RANGE_UPDATED,,"{'hi': 0.57525, 'lo': 0.57038, 'structure_id': 0, 'struct_direction': 1}"
292,STRUCTURE,CTS_UPDATED,0.57525,"{'via': 'replay_raw', 'cycle_id': 0, 'structure_id': 0, 'struct_direction': 1}"
294,RANGE,RANGE_UPDATED,,"{'hi': 0.57532, 'lo': 0.57038, 'structure_id': 0, 'struct_direction': 1}"
294,STRUCTURE,CTS_UPDATED,0.57532,"{'via': 'replay_raw', 'cycle_id': 0, 'structure_id': 0, 'struct_direction': 1}"
295,RANGE,RANGE_UPDATED,,"{'hi': 0.57557, 'lo': 0.57038, 'structure_id': 0, 'struct_direction': 1}"
295,STRUCTURE,CTS_UPDATED,0.57557,"{'via': 'replay_raw', 'cycle_id': 0, 'structure_id': 0, 'struct_direction': 1}"
303,RANGE,RANGE_UPDATED,,"{'hi': 0.57572, 'lo': 0.57038, 'structure_id': 0, 'struct_direction': 1}"
303,STRUCTURE,CTS_UPDATED,0.57572,"{'via': 'replay_raw', 'cycle_id': 0, 'structure_id': 0, 'struct_direction': 1}"
305,STRUCTURE,CTS_UPDATED,0.5766,"{'via': 'replay_raw', 'cycle_id': 0, 'structure_id': 0, 'struct_direction': 1}"
306,RANGE,RANGE_RESET,,"{'reason': 'range_breakout', 'pat': 'one_maru_continuous', 'structure_id': 0, 'struct_direction': 1}"
306,STRUCTURE,CTS_UPDATED,0.57714,"{'via': 'one_maru_continuous', 'cycle_id': 0, 'structure_id': 0, 'struct_direction': 1}"
306,STATE,STATE_CHANGED,,"{'from': 'range', 'to': 'breakout', 'structure_id': 0, 'struct_direction': 1, 'reason': 'breakout_pattern', 'pat': 'one_maru_continuous', 'effective_idx': 306}"
307,STRUCTURE,CTS_UPDATED,0.5773,"{'via': 'replay_raw', 'cycle_id': 0, 'structure_id': 0, 'struct_direction': 1}"
308,STRUCTURE,CTS_UPDATED,0.57754,"{'via': 'replay_raw', 'cycle_id': 0, 'structure_id': 0, 'struct_direction': 1}"
309,STRUCTURE,CTS_UPDATED,0.57766,"{'via': 'one_maru_continuous', 'cycle_id': 0, 'structure_id': 0, 'struct_direction': 1}"
311,STRUCTURE,CTS_UPDATED,0.57774,"{'via': 'replay_raw', 'cycle_id': 0, 'structure_id': 0, 'struct_direction': 1}"
313,RANGE,RANGE_STARTED,,"{'start_idx': 310, 'confirm_idx': 313, 'hi': 0.57774, 'lo': 0.57732, 'cts_idx': 311, 'cts_price': 0.57774, 'structure_id': 0, 'struct_direction': 1}"
313,STATE,STATE_CHANGED,,"{'from': 'breakout', 'to': 'range', 'structure_id': 0, 'struct_direction': 1, 'reason': 'range_confirmed', 'effective_idx': 310}"
312,RANGE,RANGE_UPDATED,,"{'hi': 0.57774, 'lo': 0.57714, 'structure_id': 0, 'struct_direction': 1}"
314,RANGE,RANGE_UPDATED,,"{'hi': 0.57774, 'lo': 0.5767, 'structure_id': 0, 'struct_direction': 1}"
315,RANGE,RANGE_UPDATED,,"{'hi': 0.57774, 'lo': 0.5766, 'structure_id': 0, 'struct_direction': 1}"
317,RANGE,RANGE_UPDATED,,"{'hi': 0.57774, 'lo': 0.57614, 'structure_id': 0, 'struct_direction': 1}"
322,RANGE,RANGE_UPDATED,,"{'hi': 0.57788, 'lo': 0.57614, 'structure_id': 0, 'struct_direction': 1}"
322,STRUCTURE,CTS_UPDATED,0.57788,"{'via': 'replay_raw', 'cycle_id': 0, 'structure_id': 0, 'struct_direction': 1}"
327,RANGE,RANGE_UPDATED,,"{'hi': 0.57788, 'lo': 0.5758, 'structure_id': 0, 'struct_direction': 1}"
345,RANGE,RANGE_UPDATED,,"{'hi': 0.5781, 'lo': 0.5758, 'structure_id': 0, 'struct_direction': 1}"
345,STRUCTURE,CTS_UPDATED,0.5781,"{'via': 'replay_raw', 'cycle_id': 0, 'structure_id': 0, 'struct_direction': 1}"
351,RANGE,RANGE_UPDATED,,"{'hi': 0.57831, 'lo': 0.5758, 'structure_id': 0, 'struct_direction': 1}"
351,STRUCTURE,CTS_UPDATED,0.57831,"{'via': 'replay_raw', 'cycle_id': 0, 'structure_id': 0, 'struct_direction': 1}"
352,RANGE,RANGE_UPDATED,,"{'hi': 0.5787, 'lo': 0.5758, 'structure_id': 0, 'struct_direction': 1}"
352,STRUCTURE,CTS_UPDATED,0.5787,"{'via': 'replay_raw', 'cycle_id': 0, 'structure_id': 0, 'struct_direction': 1}"
363,RANGE,RANGE_UPDATED,,"{'hi': 0.57914, 'lo': 0.5758, 'structure_id': 0, 'struct_direction': 1}"
363,STRUCTURE,CTS_UPDATED,0.57914,"{'via': 'replay_raw', 'cycle_id': 0, 'structure_id': 0, 'struct_direction': 1}"
375,RANGE,RANGE_UPDATED,,"{'hi': 0.57927, 'lo': 0.5758, 'structure_id': 0, 'struct_direction': 1}"
375,STRUCTURE,CTS_UPDATED,0.57927,"{'via': 'replay_raw', 'cycle_id': 0, 'structure_id': 0, 'struct_direction': 1}"
395,RANGE,RANGE_UPDATED,,"{'hi': 0.57947, 'lo': 0.5758, 'structure_id': 0, 'struct_direction': 1}"
395,STRUCTURE,CTS_UPDATED,0.57947,"{'via': 'replay_raw', 'cycle_id': 0, 'structure_id': 0, 'struct_direction': 1}"
401,RANGE,RANGE_UPDATED,,"{'hi': 0.5795, 'lo': 0.5758, 'structure_id': 0, 'struct_direction': 1}"
401,STRUCTURE,CTS_UPDATED,0.5795,"{'via': 'replay_raw', 'cycle_id': 0, 'structure_id': 0, 'struct_direction': 1}"
429,STRUCTURE,CTS_UPDATED,0.58084,"{'via': 'replay_raw', 'cycle_id': 0, 'structure_id': 0, 'struct_direction': 1}"
430,RANGE,RANGE_RESET,,"{'reason': 'range_breakout', 'pat': 'one_maru_continuous', 'structure_id': 0, 'struct_direction': 1}"
430,STRUCTURE,CTS_UPDATED,0.58246,"{'via': 'one_maru_continuous', 'cycle_id': 0, 'structure_id': 0, 'struct_direction': 1}"
430,STATE,STATE_CHANGED,,"{'from': 'range', 'to': 'breakout', 'structure_id': 0, 'struct_direction': 1, 'reason': 'breakout_pattern', 'pat': 'one_maru_continuous', 'effective_idx': 430}"
433,RANGE,RANGE_STARTED,,"{'start_idx': 431, 'confirm_idx': 433, 'hi': 0.58246, 'lo': 0.58134, 'cts_idx': 430, 'cts_price': 0.58246, 'structure_id': 0, 'struct_direction': 1}"
433,STATE,STATE_CHANGED,,"{'from': 'breakout', 'to': 'range', 'structure_id': 0, 'struct_direction': 1, 'reason': 'range_confirmed', 'effective_idx': 431}"
432,RANGE,RANGE_UPDATED,,"{'hi': 0.58246, 'lo': 0.58119, 'structure_id': 0, 'struct_direction': 1}"
433,RANGE,RANGE_UPDATED,,"{'hi': 0.58246, 'lo': 0.58114, 'structure_id': 0, 'struct_direction': 1}"
434,RANGE,RANGE_UPDATED,,"{'hi': 0.58246, 'lo': 0.5811, 'structure_id': 0, 'struct_direction': 1}"
439,RANGE,RANGE_UPDATED,,"{'reason': 'pullback_expand', 'hi': 0.58246, 'lo': 0.57956, 'pat': 'one_maru_continuous', 'structure_id': 0, 'struct_direction': 1}"
439,STRUCTURE,CTS_CONFIRMED,,"{'via': 'one_maru_continuous', 'cycle_id': 0, 'structure_id': 0, 'struct_direction': 1, 'confirmed_at': 439, 'cts_anchor_idx': 430}"
439,STATE,STATE_CHANGED,,"{'from': 'range', 'to': 'pullback', 'structure_id': 0, 'struct_direction': 1, 'reason': 'pullback_pattern', 'pat': 'one_maru_continuous', 'effective_idx': 439}"
439,RANGE,RANGE_UPDATED,,"{'hi': 0.58246, 'lo': 0.57936, 'structure_id': 0, 'struct_direction': 1}"
440,RANGE,RANGE_UPDATED,,"{'hi': 0.58246, 'lo': 0.57882, 'structure_id': 0, 'struct_direction': 1}"
441,STATE,STATE_CHANGED,,"{'from': 'pullback', 'to': 'pullback_range', 'structure_id': 0, 'struct_direction': 1, 'reason': 'replay_no_expand_pullback_side', 'effective_idx': 441}"
447,RANGE,RANGE_UPDATED,,"{'hi': 0.58267, 'lo': 0.57882, 'structure_id': 0, 'struct_direction': 1}"
447,STRUCTURE,CTS_THRESHOLD_UPDATED,0.58267,"{'prev': 0.58246, 'reason': 'range_sync', 'cycle_id': 0, 'structure_id': 0, 'struct_direction': 1}"
448,RANGE,RANGE_UPDATED,,"{'hi': 0.58314, 'lo': 0.57882, 'structure_id': 0, 'struct_direction': 1}"
448,STRUCTURE,CTS_THRESHOLD_UPDATED,0.58314,"{'prev': 0.58267, 'reason': 'range_sync', 'cycle_id': 0, 'structure_id': 0, 'struct_direction': 1}"
474,RANGE,RANGE_UPDATED,,"{'hi': 0.58314, 'lo': 0.57877, 'structure_id': 0, 'struct_direction': 1}"
474,STATE,STATE_CHANGED,,"{'from': 'pullback_range', 'to': 'pullback', 'structure_id': 0, 'struct_direction': 1, 'reason': 'replay_expand_pullback_side', 'effective_idx': 474}"
475,STATE,STATE_CHANGED,,"{'from': 'pullback', 'to': 'pullback_range', 'structure_id': 0, 'struct_direction': 1, 'reason': 'replay_no_expand_pullback_side', 'effective_idx': 475}"
484,RANGE,RANGE_UPDATED,,"{'hi': 0.58314, 'lo': 0.57746, 'structure_id': 0, 'struct_direction': 1}"
484,STATE,STATE_CHANGED,,"{'from': 'pullback_range', 'to': 'pullback', 'structure_id': 0, 'struct_direction': 1, 'reason': 'replay_expand_pullback_side', 'effective_idx': 484}"
485,RANGE,RANGE_UPDATED,,"{'hi': 0.58314, 'lo': 0.57676, 'structure_id': 0, 'struct_direction': 1}"
486,RANGE,RANGE_UPDATED,,"{'hi': 0.58314, 'lo': 0.57656, 'structure_id': 0, 'struct_direction': 1}"
487,STATE,STATE_CHANGED,,"{'from': 'pullback', 'to': 'pullback_range', 'structure_id': 0, 'struct_direction': 1, 'reason': 'replay_no_expand_pullback_side', 'effective_idx': 487}"
507,RANGE,RANGE_UPDATED,,"{'hi': 0.58314, 'lo': 0.57582, 'structure_id': 0, 'struct_direction': 1}"
507,STATE,STATE_CHANGED,,"{'from': 'pullback_range', 'to': 'pullback', 'structure_id': 0, 'struct_direction': 1, 'reason': 'replay_expand_pullback_side', 'effective_idx': 507}"
508,STATE,STATE_CHANGED,,"{'from': 'pullback', 'to': 'pullback_range', 'structure_id': 0, 'struct_direction': 1, 'reason': 'replay_no_expand_pullback_side', 'effective_idx': 508}"
557,RANGE,RANGE_UPDATED,,"{'hi': 0.58314, 'lo': 0.57546, 'structure_id': 0, 'struct_direction': 1}"
557,STATE,STATE_CHANGED,,"{'from': 'pullback_range', 'to': 'pullback', 'structure_id': 0, 'struct_direction': 1, 'reason': 'replay_expand_pullback_side', 'effective_idx': 557}"
558,STATE,STATE_CHANGED,,"{'from': 'pullback', 'to': 'pullback_range', 'structure_id': 0, 'struct_direction': 1, 'reason': 'replay_no_expand_pullback_side', 'effective_idx': 558}"
585,RANGE,RANGE_UPDATED,,"{'hi': 0.58314, 'lo': 0.57449, 'structure_id': 0, 'struct_direction': 1}"
585,STATE,STATE_CHANGED,,"{'from': 'pullback_range', 'to': 'pullback', 'structure_id': 0, 'struct_direction': 1, 'reason': 'replay_expand_pullback_side', 'effective_idx': 585}"
586,STATE,STATE_CHANGED,,"{'from': 'pullback', 'to': 'pullback_range', 'structure_id': 0, 'struct_direction': 1, 'reason': 'replay_no_expand_pullback_side', 'effective_idx': 586}"
589,RANGE,RANGE_UPDATED,,"{'hi': 0.58314, 'lo': 0.57435, 'structure_id': 0, 'struct_direction': 1}"
589,STATE,STATE_CHANGED,,"{'from': 'pullback_range', 'to': 'pullback', 'structure_id': 0, 'struct_direction': 1, 'reason': 'replay_expand_pullback_side', 'effective_idx': 589}"
590,RANGE,RANGE_UPDATED,,"{'hi': 0.58314, 'lo': 0.57412, 'structure_id': 0, 'struct_direction': 1}"
591,RANGE,RANGE_UPDATED,,"{'hi': 0.58314, 'lo': 0.5736, 'structure_id': 0, 'struct_direction': 1}"
592,STATE,STATE_CHANGED,,"{'from': 'pullback', 'to': 'pullback_range', 'structure_id': 0, 'struct_direction': 1, 'reason': 'replay_no_expand_pullback_side', 'effective_idx': 592}"
636,RANGE,RANGE_RESET,,"{'reason': 'range_breakout', 'pat': 'one_maru_continuous', 'structure_id': 0, 'struct_direction': 1}"
636,STRUCTURE,CTS_ESTABLISHED,0.58412,"{'via': 'one_maru_continuous', 'anchor_idx': 634, 'pattern_name': 'one_maru_continuous', 'confirmed_at': 636, 'cycle_id': 1, 'structure_id': 0, 'struct_direction': 1}"
591,STRUCTURE,BOS_CONFIRMED,0.5736,"{'source': 'pullback_extreme', 'confirmed_at': 636, 'pb_start': 439, 'cycle_id': 1, 'structure_id': 0, 'struct_direction': 1}"
636,STATE,STATE_CHANGED,,"{'from': 'pullback_range', 'to': 'breakout', 'structure_id': 0, 'struct_direction': 1, 'reason': 'breakout_pattern', 'pat': 'one_maru_continuous', 'effective_idx': 636}"
637,STRUCTURE,CTS_UPDATED,0.58415,"{'via': 'replay_raw', 'cycle_id': 1, 'structure_id': 0, 'struct_direction': 1}"
638,STRUCTURE,CTS_UPDATED,0.58422,"{'via': 'replay_raw', 'cycle_id': 1, 'structure_id': 0, 'struct_direction': 1}"
639,STRUCTURE,CTS_UPDATED,0.58434,"{'via': 'replay_raw', 'cycle_id': 1, 'structure_id': 0, 'struct_direction': 1}"
640,RANGE,RANGE_STARTED,,"{'reason': 'pullback_created_range', 'cts_idx': 639, 'cts_price': 0.58434, 'pullback_apply_idx': 640, 'hi': 0.58434, 'lo': 0.58198, 'pat': 'one_maru_continuous', 'structure_id': 0, 'struct_direction': 1}"
640,STRUCTURE,CTS_CONFIRMED,,"{'via': 'one_maru_continuous', 'cycle_id': 1, 'structure_id': 0, 'struct_direction': 1, 'confirmed_at': 640, 'cts_anchor_idx': 639}"
640,STATE,STATE_CHANGED,,"{'from': 'breakout', 'to': 'pullback', 'structure_id': 0, 'struct_direction': 1, 'reason': 'pullback_pattern', 'pat': 'one_maru_continuous', 'effective_idx': 640}"
641,STATE,STATE_CHANGED,,"{'from': 'pullback', 'to': 'pullback_range', 'structure_id': 0, 'struct_direction': 1, 'reason': 'replay_no_expand_pullback_side', 'effective_idx': 641}"
650,RANGE,RANGE_UPDATED,,"{'hi': 0.58448, 'lo': 0.58198, 'structure_id': 0, 'struct_direction': 1}"
650,STRUCTURE,CTS_THRESHOLD_UPDATED,0.58448,"{'prev': 0.58434, 'reason': 'range_sync', 'cycle_id': 1, 'structure_id': 0, 'struct_direction': 1}"
652,RANGE,RANGE_RESET,,"{'reason': 'range_breakout', 'pat': 'one_maru_opposite', 'structure_id': 0, 'struct_direction': 1}"
652,STRUCTURE,CTS_ESTABLISHED,0.58534,"{'via': 'one_maru_opposite', 'anchor_idx': 651, 'pattern_name': 'one_maru_opposite', 'confirmed_at': 652, 'cycle_id': 2, 'structure_id': 0, 'struct_direction': 1}"
640,STRUCTURE,BOS_CONFIRMED,0.58198,"{'source': 'pullback_extreme', 'confirmed_at': 652, 'pb_start': 640, 'cycle_id': 2, 'structure_id': 0, 'struct_direction': 1}"
652,STATE,STATE_CHANGED,,"{'from': 'pullback_range', 'to': 'breakout', 'structure_id': 0, 'struct_direction': 1, 'reason': 'breakout_pattern', 'pat': 'one_maru_opposite', 'effective_idx': 652}"
655,RANGE,RANGE_STARTED,,"{'start_idx': 653, 'confirm_idx': 655, 'hi': 0.58534, 'lo': 0.584, 'cts_idx': 652, 'cts_price': 0.58534, 'structure_id': 0, 'struct_direction': 1}"
655,STATE,STATE_CHANGED,,"{'from': 'breakout', 'to': 'range', 'structure_id': 0, 'struct_direction': 1, 'reason': 'range_confirmed', 'effective_idx': 653}"
654,RANGE,RANGE_UPDATED,,"{'hi': 0.58534, 'lo': 0.58392, 'structure_id': 0, 'struct_direction': 1}"
658,RANGE,RANGE_UPDATED,,"{'hi': 0.58534, 'lo': 0.58385, 'structure_id': 0, 'struct_direction': 1}"
662,RANGE,RANGE_UPDATED,,"{'hi': 0.58534, 'lo': 0.58354, 'structure_id': 0, 'struct_direction': 1}"
663,RANGE,RANGE_UPDATED,,"{'hi': 0.58534, 'lo': 0.58337, 'structure_id': 0, 'struct_direction': 1}"
664,RANGE,RANGE_UPDATED,,"{'hi': 0.58534, 'lo': 0.58334, 'structure_id': 0, 'struct_direction': 1}"
665,RANGE,RANGE_UPDATED,,"{'hi': 0.58534, 'lo': 0.58329, 'structure_id': 0, 'struct_direction': 1}"
666,RANGE,RANGE_UPDATED,,"{'hi': 0.58534, 'lo': 0.58324, 'structure_id': 0, 'struct_direction': 1}"
668,RANGE,RANGE_UPDATED,,"{'hi': 0.58534, 'lo': 0.58307, 'structure_id': 0, 'struct_direction': 1}"
679,RANGE,RANGE_UPDATED,,"{'hi': 0.58534, 'lo': 0.58294, 'structure_id': 0, 'struct_direction': 1}"
683,RANGE,RANGE_UPDATED,,"{'reason': 'pullback_expand', 'hi': 0.58534, 'lo': 0.5822, 'pat': 'one_maru_continuous', 'structure_id': 0, 'struct_direction': 1}"
683,STRUCTURE,CTS_CONFIRMED,,"{'via': 'one_maru_continuous', 'cycle_id': 2, 'structure_id': 0, 'struct_direction': 1, 'confirmed_at': 683, 'cts_anchor_idx': 652}"
683,STATE,STATE_CHANGED,,"{'from': 'range', 'to': 'pullback', 'structure_id': 0, 'struct_direction': 1, 'reason': 'pullback_pattern', 'pat': 'one_maru_continuous', 'effective_idx': 683}"
683,RANGE,RANGE_UPDATED,,"{'hi': 0.58534, 'lo': 0.5819, 'structure_id': 0, 'struct_direction': 1}"
683,STRUCTURE,REVERSAL_WATCH_START,0.58198,"{'anchor_idx': 683, 'bos_frozen': 0.58198, 'expires_idx': 688, 'structure_id': 0, 'struct_direction': 1}"
683,STRUCTURE,BOS_THRESHOLD_UPDATED,0.5819,"{'prev': 0.58198, 'reason': 'rv_anchor_failed', 'cycle_id': 2, 'structure_id': 0, 'struct_direction': 1}"
684,RANGE,RANGE_UPDATED,,"{'hi': 0.58534, 'lo': 0.5818, 'structure_id': 0, 'struct_direction': 1}"
684,STRUCTURE,BOS_THRESHOLD_UPDATED,0.5818,"{'prev': 0.5819, 'reason': 'probe_no_break', 'cycle_id': 2, 'structure_id': 0, 'struct_direction': 1}"
685,STATE,STATE_CHANGED,,"{'from': 'pullback', 'to': 'pullback_range', 'structure_id': 0, 'struct_direction': 1, 'reason': 'replay_no_expand_pullback_side', 'effective_idx': 685}"
704,RANGE,RANGE_UPDATED,,"{'hi': 0.58534, 'lo': 0.58166, 'structure_id': 0, 'struct_direction': 1}"
704,STATE,STATE_CHANGED,,"{'from': 'pullback_range', 'to': 'pullback', 'structure_id': 0, 'struct_direction': 1, 'reason': 'replay_expand_pullback_side', 'effective_idx': 704}"
704,STRUCTURE,BOS_THRESHOLD_UPDATED,0.58166,"{'prev': 0.5818, 'reason': 'probe_no_break', 'cycle_id': 2, 'structure_id': 0, 'struct_direction': 1}"
705,RANGE,RANGE_UPDATED,,"{'hi': 0.58534, 'lo': 0.58156, 'structure_id': 0, 'struct_direction': 1}"
705,STRUCTURE,BOS_THRESHOLD_UPDATED,0.58156,"{'prev': 0.58166, 'reason': 'probe_no_break', 'cycle_id': 2, 'structure_id': 0, 'struct_direction': 1}"
706,RANGE,RANGE_UPDATED,,"{'hi': 0.58534, 'lo': 0.58078, 'structure_id': 0, 'struct_direction': 1}"
706,STRUCTURE,REVERSAL_WATCH_START,0.58156,"{'anchor_idx': 706, 'bos_frozen': 0.58156, 'expires_idx': 711, 'structure_id': 0, 'struct_direction': 1}"
706,STRUCTURE,BOS_THRESHOLD_UPDATED,0.58078,"{'prev': 0.58156, 'reason': 'rv_anchor_failed', 'cycle_id': 2, 'structure_id': 0, 'struct_direction': 1}"
707,STRUCTURE,REVERSAL_WATCH_START,0.58078,"{'anchor_idx': 707, 'bos_frozen': 0.58078, 'expires_idx': 712, 'structure_id': 0, 'struct_direction': 1}"
707,STRUCTURE,REVERSAL_CANDIDATE,0.58078,"{'anchor_idx': 707, 'apply_idx': 710, 'pattern': '?', 'bos_frozen': 0.58078, 'expires_idx': 712, 'structure_id': 0, 'struct_direction': 1}"
710,STATE,STATE_CHANGED,,"{'from': 'pullback', 'to': 'reversal', 'structure_id': 0, 'struct_direction': 1, 'reason': 'reversal_pattern', 'pat': 'continuous', 'bos_frozen': 0.58078, 'effective_idx': 710}"
710,RANGE,RANGE_UPDATED,,"{'hi': 0.58534, 'lo': 0.57902, 'structure_id': 0, 'struct_direction': 1}"
703,STRUCTURE,CTS_ESTABLISHED,0.58195,"{'via': 'double_maru', 'anchor_idx': 702, 'pattern_name': 'double_maru', 'confirmed_at': 703, 'cycle_id': 0, 'structure_id': 1, 'struct_direction': -1}"
689,STRUCTURE,BOS_CONFIRMED,0.58424,"{'source': 'initial_prior_extreme', 'confirmed_at': 703, 'pb_start': None, 'cycle_id': 0, 'structure_id': 1, 'struct_direction': -1}"
703,STATE,STATE_CHANGED,,"{'from': 'none', 'to': 'breakout', 'structure_id': 1, 'struct_direction': -1, 'reason': 'breakout_pattern', 'pat': 'double_maru', 'effective_idx': 703}"
704,STRUCTURE,CTS_UPDATED,0.58166,"{'via': 'replay_raw', 'cycle_id': 0, 'structure_id': 1, 'struct_direction': -1}"
705,STRUCTURE,CTS_UPDATED,0.58156,"{'via': 'replay_raw', 'cycle_id': 0, 'structure_id': 1, 'struct_direction': -1}"
706,STRUCTURE,CTS_UPDATED,0.58078,"{'via': 'replay_raw', 'cycle_id': 0, 'structure_id': 1, 'struct_direction': -1}"
707,STRUCTURE,CTS_UPDATED,0.5803,"{'via': 'replay_raw', 'cycle_id': 0, 'structure_id': 1, 'struct_direction': -1}"
709,STRUCTURE,CTS_UPDATED,0.57989,"{'via': 'replay_raw', 'cycle_id': 0, 'structure_id': 1, 'struct_direction': -1}"
710,STRUCTURE,CTS_UPDATED,0.57902,"{'via': 'continuous', 'cycle_id': 0, 'structure_id': 1, 'struct_direction': -1}"
716,RANGE,RANGE_STARTED,,"{'start_idx': 711, 'confirm_idx': 716, 'hi': 0.58002, 'lo': 0.57902, 'cts_idx': 710, 'cts_price': 0.57902, 'structure_id': 1, 'struct_direction': -1}"
716,STATE,STATE_CHANGED,,"{'from': 'breakout', 'to': 'range', 'structure_id': 1, 'struct_direction': -1, 'reason': 'range_confirmed', 'effective_idx': 711}"
712,RANGE,RANGE_UPDATED,,"{'hi': 0.58088, 'lo': 0.57902, 'structure_id': 1, 'struct_direction': -1}"
713,RANGE,RANGE_UPDATED,,"{'hi': 0.58098, 'lo': 0.57902, 'structure_id': 1, 'struct_direction': -1}"
714,RANGE,RANGE_UPDATED,,"{'hi': 0.58108, 'lo': 0.57902, 'structure_id': 1, 'struct_direction': -1}"
724,RANGE,RANGE_UPDATED,,"{'hi': 0.58116, 'lo': 0.57902, 'structure_id': 1, 'struct_direction': -1}"
727,RANGE,RANGE_UPDATED,,"{'reason': 'pullback_expand', 'hi': 0.5818, 'lo': 0.57902, 'pat': 'one_maru_continuous', 'structure_id': 1, 'struct_direction': -1}"
727,STRUCTURE,CTS_CONFIRMED,,"{'via': 'one_maru_continuous', 'cycle_id': 0, 'structure_id': 1, 'struct_direction': -1, 'confirmed_at': 727, 'cts_anchor_idx': 710}"
727,STATE,STATE_CHANGED,,"{'from': 'range', 'to': 'pullback', 'structure_id': 1, 'struct_direction': -1, 'reason': 'pullback_pattern', 'pat': 'one_maru_continuous', 'effective_idx': 727}"
728,RANGE,RANGE_UPDATED,,"{'hi': 0.58196, 'lo': 0.57902, 'structure_id': 1, 'struct_direction': -1}"
729,STATE,STATE_CHANGED,,"{'from': 'pullback', 'to': 'pullback_range', 'structure_id': 1, 'struct_direction': -1, 'reason': 'replay_no_expand_pullback_side', 'effective_idx': 729}"
741,RANGE,RANGE_UPDATED,,"{'hi': 0.58196, 'lo': 0.57899, 'structure_id': 1, 'struct_direction': -1}"
741,STRUCTURE,CTS_THRESHOLD_UPDATED,0.57899,"{'prev': 0.57902, 'reason': 'range_sync', 'cycle_id': 0, 'structure_id': 1, 'struct_direction': -1}"
742,RANGE,RANGE_UPDATED,,"{'hi': 0.58196, 'lo': 0.57886, 'structure_id': 1, 'struct_direction': -1}"
742,STRUCTURE,CTS_THRESHOLD_UPDATED,0.57886,"{'prev': 0.57899, 'reason': 'range_sync', 'cycle_id': 0, 'structure_id': 1, 'struct_direction': -1}"
746,RANGE,RANGE_UPDATED,,"{'hi': 0.58196, 'lo': 0.57856, 'structure_id': 1, 'struct_direction': -1}"
746,STRUCTURE,CTS_THRESHOLD_UPDATED,0.57856,"{'prev': 0.57886, 'reason': 'range_sync', 'cycle_id': 0, 'structure_id': 1, 'struct_direction': -1}"
748,RANGE,RANGE_RESET,,"{'reason': 'range_breakout', 'pat': 'one_maru_opposite', 'structure_id': 1, 'struct_direction': -1}"
748,STRUCTURE,CTS_ESTABLISHED,0.57764,"{'via': 'one_maru_opposite', 'anchor_idx': 747, 'pattern_name': 'one_maru_opposite', 'confirmed_at': 748, 'cycle_id': 1, 'structure_id': 1, 'struct_direction': -1}"
728,STRUCTURE,BOS_CONFIRMED,0.58196,"{'source': 'pullback_extreme', 'confirmed_at': 748, 'pb_start': 727, 'cycle_id': 1, 'structure_id': 1, 'struct_direction': -1}"
748,STATE,STATE_CHANGED,,"{'from': 'pullback_range', 'to': 'breakout', 'structure_id': 1, 'struct_direction': -1, 'reason': 'breakout_pattern', 'pat': 'one_maru_opposite', 'effective_idx': 748}"
750,RANGE,RANGE_STARTED,,"{'start_idx': 748, 'confirm_idx': 750, 'hi': 0.57835, 'lo': 0.57764, 'cts_idx': 748, 'cts_price': 0.57764, 'structure_id': 1, 'struct_direction': -1}"
750,STATE,STATE_CHANGED,,"{'from': 'breakout', 'to': 'range', 'structure_id': 1, 'struct_direction': -1, 'reason': 'range_confirmed', 'effective_idx': 748}"
749,RANGE,RANGE_UPDATED,,"{'hi': 0.57841, 'lo': 0.57764, 'structure_id': 1, 'struct_direction': -1}"
751,RANGE,RANGE_UPDATED,,"{'hi': 0.57841, 'lo': 0.57703, 'structure_id': 1, 'struct_direction': -1}"
751,STRUCTURE,CTS_UPDATED,0.57703,"{'via': 'replay_raw', 'cycle_id': 1, 'structure_id': 1, 'struct_direction': -1}"
752,RANGE,RANGE_UPDATED,,"{'hi': 0.57841, 'lo': 0.57675, 'structure_id': 1, 'struct_direction': -1}"
752,STRUCTURE,CTS_UPDATED,0.57675,"{'via': 'replay_raw', 'cycle_id': 1, 'structure_id': 1, 'struct_direction': -1}"
753,RANGE,RANGE_UPDATED,,"{'hi': 0.57841, 'lo': 0.5764, 'structure_id': 1, 'struct_direction': -1}"
753,STRUCTURE,CTS_UPDATED,0.5764,"{'via': 'replay_raw', 'cycle_id': 1, 'structure_id': 1, 'struct_direction': -1}"
756,RANGE,RANGE_UPDATED,,"{'hi': 0.57841, 'lo': 0.57602, 'structure_id': 1, 'struct_direction': -1}"
756,STRUCTURE,CTS_UPDATED,0.57602,"{'via': 'replay_raw', 'cycle_id': 1, 'structure_id': 1, 'struct_direction': -1}"
760,STRUCTURE,CTS_UPDATED,0.57581,"{'via': 'replay_raw', 'cycle_id': 1, 'structure_id': 1, 'struct_direction': -1}"
761,RANGE,RANGE_RESET,,"{'reason': 'range_breakout', 'pat': 'one_maru_continuous', 'structure_id': 1, 'struct_direction': -1}"
761,STRUCTURE,CTS_UPDATED,0.574,"{'via': 'one_maru_continuous', 'cycle_id': 1, 'structure_id': 1, 'struct_direction': -1}"
761,STATE,STATE_CHANGED,,"{'from': 'range', 'to': 'breakout', 'structure_id': 1, 'struct_direction': -1, 'reason': 'breakout_pattern', 'pat': 'one_maru_continuous', 'effective_idx': 761}"
764,RANGE,RANGE_STARTED,,"{'start_idx': 762, 'confirm_idx': 764, 'hi': 0.57552, 'lo': 0.574, 'cts_idx': 761, 'cts_price': 0.574, 'structure_id': 1, 'struct_direction': -1}"
764,STATE,STATE_CHANGED,,"{'from': 'breakout', 'to': 'range', 'structure_id': 1, 'struct_direction': -1, 'reason': 'range_confirmed', 'effective_idx': 762}"
763,RANGE,RANGE_UPDATED,,"{'hi': 0.57566, 'lo': 0.574, 'structure_id': 1, 'struct_direction': -1}"
766,RANGE,RANGE_UPDATED,,"{'hi': 0.57574, 'lo': 0.574, 'structure_id': 1, 'struct_direction': -1}"
767,RANGE,RANGE_UPDATED,,"{'hi': 0.57586, 'lo': 0.574, 'structure_id': 1, 'struct_direction': -1}"
768,RANGE,RANGE_UPDATED,,"{'hi': 0.5762, 'lo': 0.574, 'structure_id': 1, 'struct_direction': -1}"
770,RANGE,RANGE_UPDATED,,"{'hi': 0.57642, 'lo': 0.574, 'structure_id': 1, 'struct_direction': -1}"
771,RANGE,RANGE_UPDATED,,"{'hi': 0.57704, 'lo': 0.574, 'structure_id': 1, 'struct_direction': -1}"
772,RANGE,RANGE_UPDATED,,"{'hi': 0.57708, 'lo': 0.574, 'structure_id': 1, 'struct_direction': -1}"
778,RANGE,RANGE_UPDATED,,"{'hi': 0.57714, 'lo': 0.574, 'structure_id': 1, 'struct_direction': -1}"
779,RANGE,RANGE_UPDATED,,"{'hi': 0.57724, 'lo': 0.574, 'structure_id': 1, 'struct_direction': -1}"
780,RANGE,RANGE_UPDATED,,"{'hi': 0.5774, 'lo': 0.574, 'structure_id': 1, 'struct_direction': -1}"
784,RANGE,RANGE_UPDATED,,"{'hi': 0.57742, 'lo': 0.574, 'structure_id': 1, 'struct_direction': -1}"
785,RANGE,RANGE_UPDATED,,"{'hi': 0.5778, 'lo': 0.574, 'structure_id': 1, 'struct_direction': -1}"
810,RANGE,RANGE_UPDATED,,"{'reason': 'pullback_expand', 'hi': 0.57911, 'lo': 0.574, 'pat': 'one_maru_continuous', 'structure_id': 1, 'struct_direction': -1}"
810,STRUCTURE,CTS_CONFIRMED,,"{'via': 'one_maru_continuous', 'cycle_id': 1, 'structure_id': 1, 'struct_direction': -1, 'confirmed_at': 810, 'cts_anchor_idx': 761}"
810,STATE,STATE_CHANGED,,"{'from': 'range', 'to': 'pullback', 'structure_id': 1, 'struct_direction': -1, 'reason': 'pullback_pattern', 'pat': 'one_maru_continuous', 'effective_idx': 810}"
811,STATE,STATE_CHANGED,,"{'from': 'pullback', 'to': 'pullback_range', 'structure_id': 1, 'struct_direction': -1, 'reason': 'replay_no_expand_pullback_side', 'effective_idx': 811}"
814,RANGE,RANGE_UPDATED,,"{'hi': 0.57919, 'lo': 0.574, 'structure_id': 1, 'struct_direction': -1}"
814,STATE,STATE_CHANGED,,"{'from': 'pullback_range', 'to': 'pullback', 'structure_id': 1, 'struct_direction': -1, 'reason': 'replay_expand_pullback_side', 'effective_idx': 814}"
815,STATE,STATE_CHANGED,,"{'from': 'pullback', 'to': 'pullback_range', 'structure_id': 1, 'struct_direction': -1, 'reason': 'replay_no_expand_pullback_side', 'effective_idx': 815}"
819,RANGE,RANGE_UPDATED,,"{'hi': 0.57968, 'lo': 0.574, 'structure_id': 1, 'struct_direction': -1}"
819,STATE,STATE_CHANGED,,"{'from': 'pullback_range', 'to': 'pullback', 'structure_id': 1, 'struct_direction': -1, 'reason': 'replay_expand_pullback_side', 'effective_idx': 819}"
820,RANGE,RANGE_UPDATED,,"{'hi': 0.58064, 'lo': 0.574, 'structure_id': 1, 'struct_direction': -1}"
821,STATE,STATE_CHANGED,,"{'from': 'pullback', 'to': 'pullback_range', 'structure_id': 1, 'struct_direction': -1, 'reason': 'replay_no_expand_pullback_side', 'effective_idx': 821}"
824,RANGE,RANGE_UPDATED,,"{'hi': 0.58078, 'lo': 0.574, 'structure_id': 1, 'struct_direction': -1}"
824,STATE,STATE_CHANGED,,"{'from': 'pullback_range', 'to': 'pullback', 'structure_id': 1, 'struct_direction': -1, 'reason': 'replay_expand_pullback_side', 'effective_idx': 824}"
825,RANGE,RANGE_UPDATED,,"{'hi': 0.581, 'lo': 0.574, 'structure_id': 1, 'struct_direction': -1}"
826,RANGE,RANGE_UPDATED,,"{'hi': 0.58105, 'lo': 0.574, 'structure_id': 1, 'struct_direction': -1}"
827,STATE,STATE_CHANGED,,"{'from': 'pullback', 'to': 'pullback_range', 'structure_id': 1, 'struct_direction': -1, 'reason': 'replay_no_expand_pullback_side', 'effective_idx': 827}"
880,RANGE,RANGE_UPDATED,,"{'hi': 0.58105, 'lo': 0.57376, 'structure_id': 1, 'struct_direction': -1}"
880,STRUCTURE,CTS_THRESHOLD_UPDATED,0.57376,"{'prev': 0.574, 'reason': 'range_sync', 'cycle_id': 1, 'structure_id': 1, 'struct_direction': -1}"
902,RANGE,RANGE_RESET,,"{'reason': 'range_breakout', 'pat': 'continuous', 'structure_id': 1, 'struct_direction': -1}"
902,STRUCTURE,CTS_ESTABLISHED,0.57228,"{'via': 'continuous', 'anchor_idx': 897, 'pattern_name': 'continuous', 'confirmed_at': 902, 'cycle_id': 2, 'structure_id': 1, 'struct_direction': -1}"
826,STRUCTURE,BOS_CONFIRMED,0.58105,"{'source': 'pullback_extreme', 'confirmed_at': 902, 'pb_start': 810, 'cycle_id': 2, 'structure_id': 1, 'struct_direction': -1}"
902,STATE,STATE_CHANGED,,"{'from': 'pullback_range', 'to': 'breakout', 'structure_id': 1, 'struct_direction': -1, 'reason': 'breakout_pattern', 'pat': 'continuous', 'effective_idx': 902}"
903,STRUCTURE,CTS_UPDATED,0.57159,"{'via': 'replay_raw', 'cycle_id': 2, 'structure_id': 1, 'struct_direction': -1}"
905,RANGE,RANGE_STARTED,,"{'start_idx': 903, 'confirm_idx': 905, 'hi': 0.57457, 'lo': 0.57159, 'cts_idx': 903, 'cts_price': 0.57159, 'structure_id': 1, 'struct_direction': -1}"
905,STATE,STATE_CHANGED,,"{'from': 'breakout', 'to': 'range', 'structure_id': 1, 'struct_direction': -1, 'reason': 'range_confirmed', 'effective_idx': 903}"
905,RANGE,RANGE_UPDATED,,"{'hi': 0.57457, 'lo': 0.57112, 'structure_id': 1, 'struct_direction': -1}"
905,STRUCTURE,CTS_UPDATED,0.57112,"{'via': 'replay_raw', 'cycle_id': 2, 'structure_id': 1, 'struct_direction': -1}"
914,RANGE,RANGE_UPDATED,,"{'hi': 0.5747, 'lo': 0.57112, 'structure_id': 1, 'struct_direction': -1}"
915,RANGE,RANGE_UPDATED,,"{'hi': 0.575, 'lo': 0.57112, 'structure_id': 1, 'struct_direction': -1}"
920,RANGE,RANGE_UPDATED,,"{'hi': 0.57508, 'lo': 0.57112, 'structure_id': 1, 'struct_direction': -1}"
921,RANGE,RANGE_UPDATED,,"{'hi': 0.57556, 'lo': 0.57112, 'structure_id': 1, 'struct_direction': -1}"
922,RANGE,RANGE_UPDATED,,"{'hi': 0.57592, 'lo': 0.57112, 'structure_id': 1, 'struct_direction': -1}"
923,RANGE,RANGE_UPDATED,,"{'hi': 0.57602, 'lo': 0.57112, 'structure_id': 1, 'struct_direction': -1}"
925,RANGE,RANGE_UPDATED,,"{'hi': 0.57622, 'lo': 0.57112, 'structure_id': 1, 'struct_direction': -1}"
926,RANGE,RANGE_UPDATED,,"{'hi': 0.57644, 'lo': 0.57112, 'structure_id': 1, 'struct_direction': -1}"
927,RANGE,RANGE_UPDATED,,"{'hi': 0.5769, 'lo': 0.57112, 'structure_id': 1, 'struct_direction': -1}"
935,RANGE,RANGE_UPDATED,,"{'hi': 0.5775, 'lo': 0.57112, 'structure_id': 1, 'struct_direction': -1}"
938,RANGE,RANGE_UPDATED,,"{'hi': 0.57758, 'lo': 0.57112, 'structure_id': 1, 'struct_direction': -1}"
939,RANGE,RANGE_UPDATED,,"{'hi': 0.57794, 'lo': 0.57112, 'structure_id': 1, 'struct_direction': -1}"
940,RANGE,RANGE_UPDATED,,"{'hi': 0.57806, 'lo': 0.57112, 'structure_id': 1, 'struct_direction': -1}"
951,RANGE,RANGE_UPDATED,,"{'hi': 0.57827, 'lo': 0.57112, 'structure_id': 1, 'struct_direction': -1}"
1044,RANGE,RANGE_UPDATED,,"{'hi': 0.57856, 'lo': 0.57112, 'structure_id': 1, 'struct_direction': -1}"
1046,RANGE,RANGE_UPDATED,,"{'hi': 0.57874, 'lo': 0.57112, 'structure_id': 1, 'struct_direction': -1}"
1047,RANGE,RANGE_UPDATED,,"{'hi': 0.57895, 'lo': 0.57112, 'structure_id': 1, 'struct_direction': -1}"
1048,RANGE,RANGE_UPDATED,,"{'hi': 0.57898, 'lo': 0.57112, 'structure_id': 1, 'struct_direction': -1}"
1049,RANGE,RANGE_UPDATED,,"{'hi': 0.5794, 'lo': 0.57112, 'structure_id': 1, 'struct_direction': -1}"
1050,RANGE,RANGE_UPDATED,,"{'hi': 0.57954, 'lo': 0.57112, 'structure_id': 1, 'struct_direction': -1}"
1051,RANGE,RANGE_UPDATED,,"{'hi': 0.5797, 'lo': 0.57112, 'structure_id': 1, 'struct_direction': -1}"
1055,RANGE,RANGE_UPDATED,,"{'hi': 0.58034, 'lo': 0.57112, 'structure_id': 1, 'struct_direction': -1}"
