sid,starting_sd,creation_event_idx,end_event_idx,end_reason,parent_sid,parent_cycle_id,meta
0,1,630,1940,reversal,0,0,"{'use_case': 'first_confluence', 'validated_parent_start': 157, 'slice_begin': 580, 'sid_in_cycle': 0, 'started_by': 'first_confluence', 'start_trigger_idx': 630, 'trigger_event_idx': 115}"
1,-1,1794,2465,reversal,0,0,"{'use_case': 'reversal', 'validated_parent_start': None, 'slice_begin': 1744, 'sid_in_cycle': 1, 'started_by': 'reversal', 'start_trigger_idx': 1940, 'trigger_event_idx': 115}"
2,1,2365,2547,lifecycle_end,0,0,"{'use_case': 'reversal', 'validated_parent_start': None, 'slice_begin': 2315, 'sid_in_cycle': 2, 'started_by': 'reversal', 'start_trigger_idx': 2465, 'trigger_event_idx': 115}"
3,1,2403,2611,lifecycle_end,0,1,"{'use_case': 'first_confluence', 'validated_parent_start': 600, 'slice_begin': 2353, 'sid_in_cycle': 0, 'started_by': 'first_confluence', 'start_trigger_idx': 2403, 'trigger_event_idx': 636}"
4,1,2561,2751,lifecycle_end,0,2,"{'use_case': 'first_confluence', 'validated_parent_start': 640, 'slice_begin': 2511, 'sid_in_cycle': 0, 'started_by': 'first_confluence', 'start_trigger_idx': 2561, 'trigger_event_idx': 652}"
5,1,2736,2829,reversal,0,2,"{'use_case': 'subsequent_confluence', 'validated_parent_start': 684, 'slice_begin': 2686, 'sid_in_cycle': 1, 'started_by': 'subsequent_confluence', 'start_trigger_idx': 2751, 'trigger_event_idx': 687}"
6,-1,2758,2843,lifecycle_end,0,2,"{'use_case': 'reversal', 'validated_parent_start': None, 'slice_begin': 2708, 'sid_in_cycle': 2, 'started_by': 'reversal', 'start_trigger_idx': 2829, 'trigger_event_idx': 652}"
7,-1,2758,2995,lifecycle_end,1,0,"{'use_case': 'first_confluence', 'validated_parent_start': 689, 'slice_begin': 2708, 'sid_in_cycle': 0, 'started_by': 'first_confluence', 'start_trigger_idx': 2758, 'trigger_event_idx': 703}"
8,-1,2915,3475,lifecycle_end,1,1,"{'use_case': 'first_confluence', 'validated_parent_start': 728, 'slice_begin': 2865, 'sid_in_cycle': 0, 'started_by': 'first_confluence', 'start_trigger_idx': 2915, 'trigger_event_idx': 748}"
9,-1,3331,3611,lifecycle_end,1,1,"{'use_case': 'subsequent_confluence', 'validated_parent_start': 832, 'slice_begin': 3281, 'sid_in_cycle': 1, 'started_by': 'subsequent_confluence', 'start_trigger_idx': 3475, 'trigger_event_idx': 868}"
10,-1,3331,4227,lifecycle_end,1,2,"{'use_case': 'first_confluence', 'validated_parent_start': 832, 'slice_begin': 3281, 'sid_in_cycle': 0, 'started_by': 'first_confluence', 'start_trigger_idx': 3331, 'trigger_event_idx': 902}"
